FCLTY_NM,CTGRY_ONE_NM,CTGRY_TWO_NM,CTGRY_THREE_NM,CTPRVN_NM,SIGNGU_NM,LEGALDONG_NM,LI_NM,LNBR_NO,ROAD_NM,BULD_NO,LC_LA,LC_LO,ZIP_NO,RDNMADR_NM,LNM_ADDR,TEL_NO,WORKDAY_OPER_TIME_DC,WKEND_OPER_TIME_DC,FRE_PARKNG_AT,VALET_PARKNG_POSBL_AT,INFN_CHAIR_LEND_POSBL_AT,WCHAIR_HOLD_AT,PET_POSBL_AT,VGTR_MENU_HOLD_AT,HALAL_FOOD_HOLD_AT,GFRE_FOOD_HOLD_AT,LAST_UPDT_DE
거루캥테이블,음식점/유흥시설,오세아니아음식,호주 아시아,부산광역시,해운대구,송정동,,127-6 번지,송정중앙로5번길,79,35.186914,129.203753,48071,부산광역시 해운대구 송정중앙로5번길 79,부산광역시 해운대고 송정동 127-6,0517042511,"월-화 09시30분-18시,수-금 09시30분-21시",토-일 09시30분-21시,Y,N,N,N,Y,N,N,N,20221130
게리가,음식점/유흥시설,동남아시아음식,기타,제주특별자치도,서귀포시,남원읍,신례리,71-3 번지,공천포로,51,33.263498,126.640829,63612,제주특별자치도 서귀포시 공천포로 51,제주특별자치도 서귀포시 남원읍 신례리 71-3,050713319541,"월,화,목,금 10시-18시",토-일 10시-18시,Y,N,N,N,Y,N,N,N,20221130
고메303,음식점/유흥시설,유럽음식,이탈리아,경상남도,양산시,물금읍,가촌리,705-3 번지,가촌로,137,35.32255,128.994697,50603,경상남도 양산시 가촌로 137,경상남도 양산시 물금읍 가촌리 705-3,07050430303,화-금 11시30분-21시30분,토-일 11시30분-21시30분,Y,N,N,N,Y,N,N,N,20221130
골드홀릭,음식점/유흥시설,동아시아음식,일본,인천광역시,중구,북성동1가,,98-12 번지,월미문화로,71,37.472142,126.596255,22303,인천광역시 중구 월미문화로 71,인천광역시 중구 북성동1가 98-12 월미비치타운,0327733311,월-금 11시-24시,토-일 11시-24시,Y,N,N,N,Y,N,N,N,20221130
골든타이,음식점/유흥시설,동남아시아음식,태국,서울특별시,송파구,방이동,,171-4 번지,위례성대로,66,37.514709,127.119435,5628,서울특별시 송파구 위례성대로 66,서울특별시 송파구 방이동  171-4,050714218089,월-금 11시-22시,토-일 11시-22시,Y,N,N,N,Y,N,N,N,20221130
광안리남매,음식점/유흥시설,유럽음식,이탈리아,부산광역시,수영구,남천동,,5-1 번지,남천동로108번길,54,35.146716,129.114074,48304,부산광역시 수영구 남천동로108번길 54,부산광역시 수영구 남천동 5-1 태광,07043126566,월-금 12시-24시,토-일 12시-24시,Y,N,Y,N,Y,N,N,N,20221130
그라치에,음식점/유흥시설,유럽음식,이탈리아,서울특별시,서대문구,대현동,,56-74 번지,이화여대길,33,37.558459,126.945622,3766,서울특별시 서대문구 이화여대길 33,서울특별시 서대문구 대현동  56-74,,월-금 11시-22시,토 11시-22시,Y,N,N,N,Y,N,N,N,20221130
그랩어,음식점/유흥시설,동남아시아음식,기타,서울특별시,용산구,용산동2가,,43-11 번지,신흥로3가길,10,37.54135,126.985916,4338,서울특별시 용산구 신흥로3가길 10,서울특별시 용산구 용산동2가  43-11,027923009,화-금 09시30분-20시,토-일 09시30분-20시,N,N,N,N,Y,N,N,N,20221130
그럼피베이비,음식점/유흥시설,북미음식,미국 캐나다,제주특별자치도,서귀포시,안덕면,서광리,1394-6 번지,녹차분재로,65,33.290804,126.300704,63521,제주특별자치도 서귀포시 안덕면 녹차분재로 65,제주특별자치도 서귀포시 안덕면 서광리 1394-6,0647260466,수-금 10시-15시,토-일 08시-15시,Y,N,Y,N,Y,N,N,N,20221130
그로또,음식점/유흥시설,유럽음식,이탈리아,경기도,수원시 영통구,영통동,,1030-2 번지,청명북로,2,37.251808,127.078943,16705,경기도 수원시 영통구 청명북로 2,경기도 수원시 영통구 영통동 1030-2,0312057220,월-금 10시-22시,토 10시-22시,Y,N,N,N,Y,N,N,N,20221130
기네스72,음식점/유흥시설,동남아시아음식,기타,서울특별시,용산구,이태원동,,118-72 번지,이태원로27가길,58,37.534959,126.992095,4350,서울특별시 용산구 이태원로27가길 58,서울특별시 용산구 이태원동  118-72,050713482934,월-금 18시-01시,"토 16시-06시,일 17시-02시",N,N,N,N,Y,N,N,N,20221130
김녕함바그집,음식점/유흥시설,동아시아음식,일본,제주특별자치도,제주시,구좌읍,김녕리,1223-9 번지,김녕로21길,9,33.556844,126.755347,63357,제주특별자치도 제주시 구좌읍 김녕로21길 9,제주특별자치도 제주시 구좌읍 김녕리 1223-9,050713141130,"월,수-금 11시-16시",토-일 11시-16시,Y,N,N,N,Y,N,N,N,20221130
까폼 본점,음식점/유흥시설,동남아시아음식,태국 아시아,서울특별시,강남구,신사동,,655-15 번지,선릉로153길,18,37.524876,127.037988,6019,서울특별시 강남구 선릉로153길 18,서울특별시 강남구 신사동 655-15,050714117318,월-금 11시30분-22시,토-일 11시30분-23시,N,N,N,N,Y,N,N,N,20221130
꾸띠 자르당,음식점/유흥시설,유럽음식,프랑스 유럽,서울특별시,용산구,이태원동,,131-23 번지,보광로,120,37.533448,126.994608,4406,서울특별시 용산구 보광로 120,서울특별시 용산구 이태원동 131-23,027935072,"월-목 11시30분-01시,금 11시30분-03시","토 11시30분-03시,일 11시30분-01시",Y,N,N,N,Y,N,N,N,20221130
꾸안,음식점/유흥시설,동남아시아음식,기타,경기도,수원시 팔달구,신풍동,,21 번지,화서문로,60,37.285528,127.014703,16252,경기도 수원시 팔달구 화서문로 60,경기도 수원시 팔달구 신풍동  21,050713583832,월-금 11시-21시,토-일 11시-21시,Y,N,N,N,Y,N,N,N,20221130
꾸잉,음식점/유흥시설,동남아시아음식,베트남,서울특별시,용산구,이태원동,,123-33 번지,이태원로,189,37.534855,126.994914,4350,서울특별시 용산구 이태원로 189,서울특별시 용산구 이태원동 123-33,027961244,월-금 10시-21시30분,토-일 10시-21시30분,Y,N,N,N,Y,N,N,N,20221130
뀌쏭82,음식점/유흥시설,유럽음식,프랑스,서울특별시,강남구,도곡동,,453-16 번지,양재천로,167,37.481653,127.044772,6302,서울특별시 강남구 양재천로 167,서울특별시 강남구 도곡동  453-16,025293582,수-금 12시-22시,"토 12시-22시,일 12시-21시30분",Y,N,N,N,Y,N,N,N,20221130
난산리식당,음식점/유흥시설,동남아시아음식,기타,제주특별자치도,서귀포시,성산읍,난산리,1054-1 번지,난산로41번길,38,33.399126,126.867785,63632,제주특별자치도 서귀포시 난산로41번길 38,제주특별자치도 서귀포시 성산읍 난산리 1054-1,050713704169,"월,수-금 11시-22시",토-일 11시-22시,Y,N,N,N,Y,N,N,N,20221130
내니스,음식점/유흥시설,북미음식,미국,경기도,성남시 분당구,삼평동,,740 번지,동판교로177번길,25,37.397321,127.113562,13525,경기도 성남시 분당구 동판교로177번길 25,경기도 성남시 분당구 삼평동 740 판교 호반 써밋 플레이스,050714880099,월-금 11시-21시,토-일 11시-21시,Y,N,N,N,Y,N,N,N,20221130
냐항,음식점/유흥시설,동남아시아음식,기타,서울특별시,성동구,성수동2가,,301-87 번지,연무장길,9-6,37.543952,127.051013,4782,서울특별시 성동구 연무장길 9-6,서울특별시 성동구 성수동2가  301-87,050713325279,월-금 11시30분-22시,"토-일 12시-22시,12시-21시",N,N,N,N,Y,N,N,N,20221130
냠냠,음식점/유흥시설,동남아시아음식,기타,경상남도,양산시,물금읍,가촌리,1324 번지,가촌서로,11,35.319041,128.988798,50603,경상남도 양산시 가촌서로 11,경상남도 양산시 물금읍 가촌리 1324,050713929491,화-금 11시-21시,토-일 11시-21시,Y,N,N,N,Y,N,N,N,20221130
누올리언스,음식점/유흥시설,동남아시아음식,기타,서울특별시,강남구,도곡동,,424-8 번지,논현로26길,29,37.483156,127.044656,6302,서울특별시 강남구 논현로26길 29,서울특별시 강남구 도곡동  424-8,0269588484,화-금 11시30분-22시,토-일 11시30분-22시,N,N,N,N,Y,N,N,N,20221130
누커리,음식점/유흥시설,유럽음식,프랑스,서울특별시,중랑구,면목동,,65-1 번지,겸재로50나길,76,37.585585,127.093745,2207,서울특별시 중랑구 겸재로50나길 76,서울특별시 중랑구 면목동  65-1,050714415589,화-금 09시-18시,토-일 09시-18시,Y,N,N,N,Y,N,N,N,20221130
다이닝타일드,음식점/유흥시설,동남아시아음식,기타,경기도,남양주시,다산동,,6028 번지,다산중앙로,153,37.626109,127.151357,12248,경기도 남양주시 다산중앙로 153,경기도 남양주시 다산동  6028,0315527773,"수-목 10시30분-21시30분,금 10시30분-22시","토 10시30분-22시,일 10시30분-21시30분",Y,N,N,N,Y,N,N,N,20221130
당근과자점,음식점/유흥시설,유럽음식,영국,대구광역시,수성구,지산동,,518-1 번지,지범로25길,17,35.824525,128.637661,42196,대구광역시 수성구 지범로25길 17,대구광역시 수성구 지산동 518-1,07088608401,월-금 11시-19시,토 11시-19시,Y,N,N,N,Y,N,N,N,20221130
띤띤익스프레스,음식점/유흥시설,동남아시아음식,베트남,경기도,이천시,호법면,단천리,864 번지,프리미엄아울렛로,177-74,37.24203,127.400444,17384,경기도 이천시 프리미엄아울렛로 177-74,경기도 이천시 호법면 단천리 864,0318874593,월-금 10시30분-20시30분,토-일 10시30분-21시,Y,N,N,N,Y,N,N,N,20221130
라메사,음식점/유흥시설,남미음식,멕시코,경기도,평택시,팽성읍,안정리,113-193 번지,안정순환로,121,36.959139,127.042265,17978,경기 평택시 팽성읍 팽성대교길 97 1층 라메사,경기도 평택시 팽성읍 동창리 42-46,0316189333,11시-15시30분 16시30분-22시,11시-15시30분 16시30분-22시,Y,N,N,N,Y,N,N,N,20221130
라몽림,음식점/유흥시설,유럽음식,이탈리아,서울특별시,마포구,합정동,,434-8 번지,포은로,42,37.551327,126.907217,4021,서울 마포구 양화로 13 204호,서울특별시 마포구 합정동  382-20,,,,N,N,N,N,Y,N,N,N,20221130
라샌독오스테리아,음식점/유흥시설,유럽음식,이탈리아,서울특별시,용산구,한남동,,684-19 번지,이태원로54길,62-9,37.53544,127.000724,4400,서울특별시 용산구 이태원로54길 62-9,서울특별시 용산구 한남동  684-19,050713029098,화-금 12시-21시,12시-21시,N,N,N,N,Y,N,N,N,20221130
라스토리아1001,음식점/유흥시설,유럽음식,이탈리아,경기도,성남시 분당구,판교동,,617-1 번지,판교공원로3길,24,37.391056,127.088863,13477,경기도 성남시 분당구 판교공원로3길 24,경기도 성남시 분당구 판교동  617-1,03180168074,화-금 11시-15시 17시-22시,11시-22시,N,N,N,N,Y,N,N,N,20221130
라오삐약,음식점/유흥시설,동남아시아음식,기타,서울특별시,용산구,한강로2가,,107-3 번지,한강대로46길,16,37.53108,126.971023,4382,서울특별시 용산구 한강대로46길 16,서울특별시 용산구 한강로2가  107-3,027493008,11시30분-15시 17시-22시,11시30분-15시 17시-22시,N,N,N,N,Y,N,N,N,20221130
라와디,음식점/유흥시설,동남아시아음식,태국 아시아,대구광역시,남구,대명동,,2002-3 번지,영선시장1길,78-12,35.853572,128.591957,42424,대구광역시 남구 영선시장1길 78-12,대구광역시 남구 대명동  2002-3,0534718990,11시-24시,11시-24시,N,N,N,N,Y,N,N,N,20221130
라이너스 바베큐,음식점/유흥시설,북미음식,미국,서울특별시,용산구,이태원동,,56-20 번지,이태원로,136-13,37.533789,126.989682,4390,서울특별시 용산구 이태원로 136-13,서울특별시 용산구 이태원동 56-20,027902920,12시-15시 17시-21시,12시-22시,N,N,Y,N,Y,N,N,N,20221130
라인드한남,음식점/유흥시설,유럽음식,이탈리아,서울특별시,용산구,한남동,,739-28 번지,이태원로55길,11,37.538269,127.000871,4348,서울특별시 용산구 이태원로55길 11,서울특별시 용산구 한남동  739-28,050714874422,11시30분-16시 17시-22시,11시30분-16시 17시-22시,N,N,N,N,Y,N,N,N,20221130
락락,음식점/유흥시설,동아시아음식,일본,서울특별시,중구,신당동,,121-32 번지,다산로42길,43-11,37.564871,127.018999,4577,서울특별시 중구 다산로42길 43-11,서울특별시 중구 신당동  121-32,0222380095,19시-04시,토 19시-05시,N,N,N,N,Y,N,N,N,20221130
로우앤스윗베이커리,음식점/유흥시설,유럽음식,기타,부산광역시,해운대구,우동,,517-3 번지,우동1로38번가길,1,35.165101,129.158067,48087,부산광역시 해운대구 우동1로38번가길 1,부산광역시 해운대구 우동  517-3,,09시-19시,09시-19시,N,N,N,N,Y,N,N,N,20221130
리블럽,음식점/유흥시설,유럽음식,프랑스,경기도,수원시 팔달구,신풍동,,33-3 번지,신풍로,45,37.28517,127.014105,16251,경기도 수원시 팔달구 신풍로 45,경기도 수원시 팔달구 신풍동 33-3,0312555527,"월,수,목,금 11시-20시30분",11시-20시30분,N,N,N,N,Y,N,N,N,20221130
리틀방콕 왕십리뉴타운점,음식점/유흥시설,동남아시아음식,태국,서울특별시,성동구,하왕십리동,,1070 번지,왕십리로,410,37.56679,127.026125,4701,서울특별시 성동구 왕십리로 410,서울특별시 성동구 하왕십리동  1070,050713170662,11시-21시30분,11시-21시30분,Y,N,N,N,Y,N,N,N,20221130
리틀파파포 연남점,음식점/유흥시설,동남아시아음식,베트남,서울특별시,마포구,연남동,,390-83 번지,동교로38안길,5,37.562111,126.924679,3982,서울특별시 마포구 동교로38안길 5,서울특별시 마포구 연남동  390-83,050714235678,11시30분-22시,11시30분-22시,N,N,N,N,Y,N,N,N,20221130
리틀포포유,음식점/유흥시설,동남아시아음식,베트남,서울특별시,용산구,한강로3가,,98 번지,서빙고로,17,37.526168,126.966894,4387,서울특별시 용산구 서빙고로 17,서울특별시 용산구 한강로3가  98,050713417016,10시30분-19시,토 08시30분-17시30분,Y,N,N,N,Y,N,N,N,20221130
마레스타,음식점/유흥시설,유럽음식,이탈리아,서울특별시,마포구,동교동,,203-19 번지,월드컵북로4길,15,37.55721,126.920632,3992,서울특별시 마포구 월드컵북로4길 15,서울특별시 마포구 동교동  203-19,023228588,10시-22시,10시-22시,N,N,N,N,Y,N,N,N,20221130
마마타타,음식점/유흥시설,아프리카,미국 에티오피아 아프리카,,강릉시,지변동,,23-1 번지,경포로,33-25,37.773735,128.878709,25465,강원도 강릉시 경포로 33-25,강원도 강릉시 지변동 23-1,050713153391,화-금 12시-22시,토-일 12시-22시,Y,N,N,N,Y,N,N,N,20221130
마사 타코,음식점/유흥시설,남미음식,멕시코,서울특별시,강남구,신사동,,524-29 번지,압구정로10길,30-8,37.521999,127.021741,6028,서울특별시 강남구 압구정로10길 30-8,서울특별시 강남구 신사동 524-29,025456915,화-금 12시-22시,12시-22시,N,N,N,N,Y,N,N,N,20221130
마쵸무쵸,음식점/유흥시설,남미음식,멕시코,경기도,양평군,서종면,문호리,702 번지,북한강로,815,37.609996,127.34929,12502,경기도 양평군 북한강로 815,경기도 양평군 서종면 문호리 702,050713356333,"월,수,목,금 12시-23시",12시-23시,Y,N,N,N,Y,N,N,N,20221130
마츄피츄,음식점/유흥시설,유럽음식,프랑스 유럽,서울특별시,강남구,논현동,,254-22 번지,선릉로121길,15,37.513692,127.041011,6100,서울특별시 강남구 선릉로121길 15,서울특별시 강남구 논현동 254-22,,10시-20시,10시-20시,N,N,N,N,Y,N,N,N,20221130
마켓포,음식점/유흥시설,동남아시아음식,베트남,서울특별시,마포구,성산동,,51-14 번지,월드컵북로,128,37.564543,126.912804,3972,서울특별시 마포구 월드컵북로 128,서울특별시 마포구 성산동  51-14,050713528997,월-금 10시-22시,토 10시-17시,Y,N,N,N,Y,N,N,N,20221130
마크사이공제주,음식점/유흥시설,동남아시아음식,베트남,제주특별자치도,제주시,한림읍,금능리,1420 번지,금능길,79,33.389246,126.231379,63010,제주특별자치도 제주시 금능길 79,제주특별자치도 제주시 한림읍 금능리 1420,050713585872,월-금 10시-19시30분,토 10시-19시30분,Y,N,N,N,Y,N,N,N,20221130
맘스터치 - 다대2호점,음식점/유흥시설,북미음식,미국,부산광역시,사하구,다대동,,1548-24 번지,다대낙조1길,5,35.049236,128.965228,49505,부산광역시 사하구 다대낙조1길 5,부산광역시 사하구 다대동 1548-24,050714300097,월-금 11시-22시30분,토-일 11시-22시30분,Y,N,N,N,Y,N,N,N,20221130
버거샵,음식점/유흥시설,북미음식,미국,서울특별시,강남구,청담동,,88-25 번지,선릉로158길,14-1,37.525146,127.041238,6014,서울특별시 강남구 선릉로158길 14-1,서울특별시 강남구 청담동  88-25,025416575,11시-20시30분,11시-20시30분,N,N,N,N,Y,N,N,N,20221130
버거오클락,음식점/유흥시설,북미음식,미국,제주특별자치도,서귀포시,대정읍,보성리,2377 번지,에듀시티로50번길,6,33.291051,126.283532,63644,제주특별자치도 서귀포시 대정읍 에듀시티로50번길 6,제주특별자치도 서귀포시 대정읍 보성리 2377 에듀스타,0647928562,"월-화,목-금 11시-20시30분",토-일 11시-20시30분,Y,N,N,N,Y,N,N,N,20221130
버기즈,음식점/유흥시설,북미음식,미국,대전광역시,서구,탄방동,,759 번지,계룡로553번안길,61,36.346107,127.388568,35263,대전광역시 서구 계룡로553번안길 61,대전광역시 서구 탄방동 759,050714033535,월-금 11시-20시20분,토-일 11시-20시20분,Y,N,N,N,Y,N,N,N,20221130
버뮤다삼각지,음식점/유흥시설,남미음식,멕시코,서울특별시,용산구,한강로2가,,24-5 번지,한강대로52길,19,37.531998,126.972358,4382,서울특별시 용산구 한강대로52길 19,서울특별시 용산구 한강로2가 24-5,027496789,월-금 11시30분-22시30분,토-일 11시30분-23시,Y,N,N,N,Y,N,N,N,20221130
범마하노이,음식점/유흥시설,동남아시아음식,베트남,서울특별시,성동구,성수동2가,,315-29 번지,연무장5가길,20-1,37.543347,127.05492,4782,서울특별시 성동구 연무장5가길 20-1,서울특별시 성동구 성수동2가  315-29,0260130013,11시-24시,11시-24시,Y,N,N,N,Y,N,N,N,20221130
베제투스,음식점/유흥시설,북미음식,미국 스페인 이탈리아,서울특별시,용산구,용산동2가,,22-12 번지,신흥로,59,37.543708,126.987266,4338,서울특별시 용산구 신흥로 59,서울특별시 용산구 용산동2가 22-12,050714074431,월-금 12시-21시30분,토-일 12시-21시30분,N,N,N,N,Y,N,N,N,20221130
베테카텐,음식점/유흥시설,유럽음식,이탈리아,서울특별시,종로구,삼청동,,147-20 번지,삼청로7길,7,37.583746,126.981306,3054,서울특별시 종로구 삼청로7길 7,서울특별시 종로구 삼청동 147-20,027231477,"월,수-금 11시-20시",토-일 11시-20시,Y,N,N,N,Y,N,N,N,20221130
베트남돼지,음식점/유흥시설,동남아시아음식,베트남,서울특별시,용산구,이태원동,,74-13 번지,이태원로20길,21,37.533415,126.992352,4391,서울특별시 용산구 이태원로20길 21,서울특별시 용산구 이태원동 74-13,027949186,"월,수-금 17시-23시",17시-23시,N,N,N,N,Y,N,N,N,20221130
베트남돼지,음식점/유흥시설,동남아시아음식,베트남,서울특별시,용산구,이태원동,,74-13 번지,이태원로20길,21,37.533415,126.992352,4391,서울특별시 용산구 이태원로20길 21,서울특별시 용산구 이태원동 74-13,027499186,"월,수-금 17시-23시",토-일 17시-23시,N,N,N,N,Y,N,N,N,20221130
보일링크랩앤쉬림프,음식점/유흥시설,북미음식,미국,서울특별시,용산구,이태원동,,455-47 번지,녹사평대로40나길,1,37.534612,126.988029,4345,서울특별시 용산구 녹사평대로40나길 1,서울특별시 용산구 이태원동 455-47,050714178864,"월-금 16시30분-22시30분,금 14시30분-22시30분","토 11시30분-22시30분,일 11시30분-21시30분",Y,N,N,N,Y,N,N,N,20221130
보통날의파스타,음식점/유흥시설,유럽음식,이탈리아,인천광역시,남동구,구월동,,1135-1 번지,예술로,230,37.454383,126.702093,21557,인천광역시 남동구 예술로 230,인천광역시 남동구 구월동 1135-1,,월-금 10시30분-21시30분,토-일 10시30분-21시30분,Y,N,N,N,Y,N,N,N,20221130
봄베이브로이 서면점,음식점/유흥시설,인도아시아음식,인도,부산광역시,부산진구,부전동,,220-6 번지,중앙대로680번길,45,35.153595,129.061631,47296,부산광역시 부산진구 중앙대로680번길 45,부산광역시 부산진구 부전동 220-6,050714337090,월-금 10시-22시,토-일 10시-22시,Y,N,N,N,Y,N,N,N,20221130
봉심식당,음식점/유흥시설,유럽음식,이탈리아,서울특별시,종로구,명륜4가,,70-3 번지,대학로11길,38-23,37.582582,127.000451,3078,서울특별시 종로구 대학로11길 38-23,서울특별시 종로구 명륜4가 70-3,050714035772,휴무,토-일 16시-22시,Y,N,N,N,Y,N,N,N,20221130
봉쥬르,음식점/유흥시설,동남아시아음식,베트남,서울특별시,성동구,성수동1가,,14-58 번지,상원2길,7,37.545965,127.049639,4779,서울특별시 성동구 상원2길 7,서울특별시 성동구 성수동1가 14-58,0260827238,월-금 11시30분-20시,토-일 11시30분-20시,N,N,N,N,Y,N,N,N,20221130
부르크보드,음식점/유흥시설,동남아시아음식,인도,서울특별시,종로구,누하동,,1-16 번지,자하문로7길,76,37.580565,126.968907,3036,서울특별시 종로구 자하문로7길 76,서울특별시 종로구 누하동 1-16,050713589590,화-금 11시30분-19시30분,토-일 11시30분-19시30분,N,N,N,N,Y,N,N,N,20221130
브라이 리퍼블릭,음식점/유흥시설,아프리카음식,아프리카,서울특별시,용산구,이태원동,,63-4 번지,이태원로14길,19,37.533547,126.990787,4391,서울특별시 용산구 이태원로14길 19,서울특별시 용산구 이태원동 63-4,050713401967,"월 17시-21시,화-금 12시-21시",토-일 12시-21시,N,N,N,N,Y,N,N,N,20221130
브리틀리,음식점/유흥시설,유럽음식,이탈리아,경상남도,거제시,고현동,,987-15 번지,중곡1로,86,34.89716,128.628544,53245,경상남도 거제시 중곡1로 86,경상남도 거제시 고현동 987-15,050713351154,월-금 10시-23시,토-일 10시-23시,Y,N,Y,N,Y,N,N,N,20221130
블루오즈,음식점/유흥시설,오세아니아음식,호주,경기도,수원시 영통구,이의동,,1305-4 번지,센트럴파크로127번길,80-8,37.294468,127.051446,16506,경기도 수원시 영통구 센트럴파크로127번길 80-8,경기도 수원시 영통구 이의동 1305-4,050713494746,화-금 10시-19시,토-일 10시-19시,Y,N,N,N,Y,N,N,N,20221130
블루파인애플,음식점/유흥시설,동남아시아음식,태국,서울특별시,광진구,구의동,,671 번지,광나루로39길,11,37.545494,127.088778,4977,서울특별시 광진구 광나루로39길 11,서울특별시 광진구 구의동 671,050713180678,"월,수-금 14시-02시",토-일 14시-02시,Y,N,N,N,Y,N,N,N,20221130
비볼리,음식점/유흥시설,유럽음식,이탈리아,서울특별시,마포구,합정동,,412-27 번지,독막로,31-3,37.548559,126.916981,4047,서울특별시 마포구 독막로 31-3,서울특별시 마포구 합정동 412-27,050714316887,"월-화,목-금 12시-21시",토-일 12시-21시,N,N,N,N,Y,N,N,N,20221130
비스트로 구스또,음식점/유흥시설,유럽음식,이탈리아 유럽,서울특별시,용산구,한남동,,32-25 번지,한남대로20길,61,37.534942,127.010231,4419,서울특별시 용산구 한남대로20길 61,서울특별시 용산구 한남동 32-25,050714038278,화-금 11시30분-22시30분,11시30분-22시30분,N,N,N,N,Y,N,N,N,20221130
비스트로 콩스탕스,음식점/유흥시설,유럽음식,이탈리아,인천광역시,연수구,송도동,,20-23 번지,컨벤시아대로,60,37.397586,126.650666,22001,인천광역시 연수구 컨벤시아대로 60,인천광역시 연수구 송도동 20-23 푸르지오월드마크,0328590985,화-목 12시-01시,금-일 12시-24시,Y,N,N,N,Y,N,N,N,20221130
비스트로406,음식점/유흥시설,유럽음식,이탈리아,서울특별시,양천구,목동,,406-82 번지,목동동로,226,37.525718,126.871996,8000,서울특별시 양천구 목동동로 226,서울특별시 양천구 목동 406-82,050713559406,월-금 17시-01시,토 17시-01시,N,N,N,N,Y,N,N,N,20221130
비스트로랑랑,음식점/유흥시설,동남아시아음식,인도,경기도,수원시 영통구,영통동,,978-1 번지,영통로213번길,24,37.246505,127.055589,16698,경기도 수원시 영통구 영통로213번길 24,경기도 수원시 영통구 영통동 978-1,0312043359,월-금 17시-24시,토 17시-24시,Y,N,N,N,Y,N,N,N,20221130
비야톨레도 에스프레소바,음식점/유흥시설,유럽음식,이탈리아,서울특별시,마포구,연남동,,223-16 번지,동교로51안길,19,37.565168,126.924279,3980,서울특별시 마포구 동교로51안길 19,서울특별시 마포구 연남동 223-16,050713471385,화-금 11시-20시,"토 11시-20시,일 11시-17시",N,N,N,N,Y,N,N,N,20221130
비에뜨반미 약대점,음식점/유흥시설,동남아시아음식,베트남,경기도,부천시,약대동,,182-56 번지,평천로669번길,11,37.515577,126.764989,14500,경기도 부천시 평천로669번길 11,경기도 부천시 약대동 182-56,050714888922,월-금 10시-21시,토-일 10시-21시,N,N,N,N,Y,N,N,N,20221130
비원정,음식점/유흥시설,아시아음식,기타,경상북도,칠곡군,동명면,구덕리,402 번지,양지길,27,35.985265,128.568514,39856,경상북도 칠곡군 동명면 양지길 27,경상북도 칠곡군 동명면 구덕리 402,0549768891,화-금 11시30분-20시30분,토-일 11시30분-20시30분,Y,N,N,N,Y,N,N,N,20221130
비타포,음식점/유흥시설,동남아시아음식,인도,서울특별시,성북구,동소문동1가,,24 번지,동소문로,7-3,37.589184,127.00675,2833,서울특별시 성북구 동소문로 7-3,서울특별시 성북구 동소문동1가 24,050714428924,월-금 10시-21시,토 10시-21시,Y,N,N,N,Y,N,N,N,20221130
비틀비틀,음식점/유흥시설,유럽음식,프랑스,서울특별시,중구,만리동1가,,62-32 번지,만리재로,205-1,37.555882,126.968086,4508,서울특별시 중구 만리재로 205-1,서울특별시 중구 만리동1가 62-32,050714498046,월-금 17시-02시,토-일 17시-02시,N,N,N,N,Y,N,N,N,20221130
빈티지1981,음식점/유흥시설,유럽음식,이탈리아,서울특별시,송파구,석촌동,,1-3 번지,석촌호수로,194,37.50628,127.09862,5612,서울특별시 송파구 석촌호수로 194,서울특별시 송파구 석촌동 1-3,050713061981,화-금 18시-23시,"토 15시-23시,일 15시-22시",N,N,N,N,Y,N,N,N,20221130
빌리언박스 이태원점,음식점/유흥시설,동아시아음식,중국,서울특별시,용산구,이태원동,,225-67 번지,회나무로,24-1,37.539218,126.98945,4345,서울특별시 용산구 회나무로 24-1,서울특별시 용산구 이태원동 225-67,050713261564,월-금 11시30분-21시40분,토-일 11시30분-21시40분,N,N,N,N,Y,N,N,N,20221130
쁘리모피자,음식점/유흥시설,유럽음식,이탈리아,경기도,성남시 분당구,구미동,,159 번지,탄천상로151번길,20,37.340067,127.106657,13636,경기도 성남시 분당구 탄천상로151번길 20,경기도 성남시 분당구 구미동  159,0317125254,10시30분-22시,토 10시30분-22시,Y,N,N,N,Y,N,N,N,20221130
서울특별시 서대문구 연희로11가길 56,음식점/유흥시설,유럽음식,기타,서울특별시,서대문구,연희동,,191-4 번지,연희로11가길,56,37.566326,126.927254,3707,서울특별시 서대문구 연희로11가길 56,서울특별시 서대문구 연희동  191-4,050713991042,"월,화,목,금 12시-21시",12시-21시,N,N,N,N,Y,N,N,N,20221130
쏭타이 - 이태원,음식점/유흥시설,동남아시아음식,태국,서울특별시,용산구,이태원동,,11-26 번지,보광로,111,37.532744,126.99439,4391,서울특별시 용산구 보광로 111,서울특별시 용산구 이태원동 11-26,027982495,11시-24시,11시-24시,Y,N,Y,N,Y,N,N,N,20221010
아웃오브오피스,음식점/유흥시설,유럽음식,이탈리아,대구광역시,중구,삼덕동1가,,26-12 번지,동성로5길,70-2,35.866979,128.598228,41942,대구광역시 중구 동성로5길 70-2,대구광역시 중구 삼덕동1가  26-12,0534271244,화-금 12시-22시,토-일 12시-22시,N,N,N,N,Y,N,N,N,20221130
아트나인&잇나인,음식점/유흥시설,유럽음식,이탈리아,서울특별시,동작구,사당동,,147-53 번지,동작대로,89,37.484765,126.981607,7013,서울특별시 동작구 동작대로 89,서울특별시 동작구 사당동  147-53,050713444526,월-목 10시-22시 금 10시-23시,"토 10시-23시,일 10시-22시",Y,N,N,N,Y,N,N,N,20221130
양가형제,음식점/유흥시설,북미음식,미국,제주특별자치도,제주시,한경면,청수리,746-8 번지,청수동8길,3,33.307358,126.254021,63006,제주특별자치도 제주시 한경면 청수동8길 3,제주특별자치도 제주시 한경면 청수리 746-8,,11시-15시 16시-19시30분,11시-15시 16시-19시30분,Y,N,Y,Y,Y,N,N,N,20221010
언껀,음식점/유흥시설,동남아시아음식,베트남,서울특별시,종로구,누상동,,49 번지,옥인2길,6,37.580837,126.966878,3037,서울특별시 종로구 옥인2길 6,서울특별시 종로구 누상동  49,050713304952,화-금 11시-20시,토-일 11시-20시30분,N,N,N,N,Y,N,N,N,20221130
오늘그대와,음식점/유흥시설,유럽음식,이탈리아,서울특별시,관악구,봉천동,,1612-30 번지,관악로14길,65,37.478492,126.956165,8789,서울특별시 관악구 관악로14길 65,서울특별시 관악구 봉천동  1612-30,07075850304,12시-22시,12시-22시,N,N,N,N,Y,N,N,N,20221130
오피큐알,음식점/유흥시설,북미음식,미국,경기도,수원시 팔달구,장안동,,89-2 번지,화서문로45번길,31,37.286693,127.012347,16250,경기도 수원시 팔달구 화서문로45번길 31,경기도 수원시 팔달구 장안동 89-2,0312555448,11시30분-15시 16시-22시,11시30분-15시 16시30분-22시,N,N,N,N,Y,N,N,N,20221010
위트앤미트 강남점,음식점/유흥시설,북미음식,미국 이탈리아 유럽,서울특별시,강남구,역삼동,,616-4 번지,강남대로110길,32,37.503679,127.027484,6124,서울특별시 강남구 강남대로110길 32,서울특별시 강남구 역삼동 616-4,050713572396,월-금 11시30분-20시30분,토-일 11시30분-20시30분,Y,N,N,N,Y,N,N,N,20221130
윌로뜨,음식점/유흥시설,유럽음식,프랑스,서울특별시,강남구,청담동,,22-13 번지,도산대로58길,16,37.522235,127.041226,6062,서울 강남구 선릉로148길 48 미준빌딩 3층,서울특별시 강남구 청담동 19-17,050713050689,"수,목,금 11시30분-22시",토-일 11시30분-22시,Y,N,N,N,Y,N,N,N,20221130
유바에,음식점/유흥시설,동아시아음식,일본,경기도,수원시 영통구,영통동,,998-8 번지,청명남로,31,37.25295,127.075296,16704,경기도 수원시 영통구 청명남로 31,경기도 수원시 영통구 영통동 998-8 키라레스토아,050714120045,월-금 16시30분-01시,"토 16시30분-01시, 일 16시30분-23시",Y,N,N,N,Y,N,N,N,20221130
유제이스모크하우스,음식점/유흥시설,북미음식,미국,경상남도,거제시,옥포동,,554-6 번지,옥포성안로,28,34.888735,128.694185,53233,경상남도 거제시 옥포성안로 28,경상남도 거제시 옥포동 554-6,0556877558,화-금 11시30분-21시,토-일 11시30분-21시,Y,N,Y,N,Y,N,N,N,20221130
유키사키,음식점/유흥시설,동아시아음식,일본,서울특별시,용산구,동자동,,35-141 번지,후암로57길,51-3,37.551248,126.974168,4324,서울특별시 용산구 후암로57길 51-3,서울특별시 용산구 동자동 35-141,050713674748,11시-23시30분,토 11시-23시30분,N,N,N,N,Y,N,N,N,20221130
이 세계는 놀이터예요,음식점/유흥시설,북미음식,미국,서울특별시,서대문구,대현동,,142-9 번지,이화여대길,88-15,37.559467,126.943775,3765,서울특별시 서대문구 이화여대길 88-15,서울특별시 서대문구 대현동 142-9,07075760386,월-금 10시-17시,토 10시-17시,N,N,N,N,Y,N,N,N,20221130
이목구비,음식점/유흥시설,북미음식,미국,서울특별시,영등포구,영등포동4가,,127 번지,영신로32길,19,37.519114,126.903301,7301,서울특별시 영등포구 영신로32길 19,서울특별시 영등포구 영등포동4가 127,0226795520,월-금 17시-01시,"토 15시-01시, 일 15시-24시",Y,N,N,N,Y,N,N,N,20221130
이응이응이응이응,음식점/유흥시설,유럽음식,이탈리아,서울특별시,마포구,상수동,,317-9 번지,독막로,63-1,37.548066,126.92073,4049,서울특별시 마포구 독막로 63-1,서울특별시 마포구 상수동  317-9,050713515507,월-금 11시-23시,토-일 월-금 11시-23시,Y,N,N,N,Y,N,N,N,20221130
이자카야 사이,음식점/유흥시설,동아시아음식,일본,제주특별자치도,서귀포시,서귀동,,303-8 번지,서문서로55번길,12,33.251706,126.558071,63593,제주특별자치도 서귀포시 서문서로55번길 12,제주특별자치도 서귀포시 서귀동 303-8,050713541950,월-금 19시-01시,토-일 19시-01시,Y,N,N,N,Y,N,N,N,20221130
이자카야 타비타비,음식점/유흥시설,동아시아음식,일본,부산광역시,부산진구,부전동,,517-33 번지,가야대로784번길,51,35.155125,129.057321,47287,부산광역시 부산진구 가야대로784번길 51,부산광역시 부산진구 부전동 517-33,050713634003,월-금 17시-06시,토-일 17시-06시,N,N,N,N,Y,N,N,N,20221130
이탈리안을CUOCERE,음식점/유흥시설,유럽음식,이탈리아,경기도,고양시 덕양구,동산동,,369 번지,동송로,33,37.649567,126.896649,10595,경기도 고양시 덕양구 동송로 33,경기도 고양시 덕양구 동산동  369,050713702684,화-금 11시-22시,"토 11시-22시, 일 11시-17시",Y,N,N,N,Y,N,N,N,20221130
이태리식당 당감,음식점/유흥시설,유럽음식,이탈리아,부산광역시,부산진구,당감동,,282-36 번지,당감로34번길,13,35.164971,129.039964,47181,부산광역시 부산진구 당감로34번길 13,부산광역시 부산진구 당감동  282-36,0519498931,월-금 11시30분-21시30분,토-일 11시30분-21시30분,N,N,N,N,Y,N,N,N,20221130
인디안그릴,음식점/유흥시설,인도아시아음식,인도,서울특별시,마포구,연남동,,240-10 번지,성미산로,157-6,37.564936,126.9237,3980,서울특별시 마포구 성미산로 157-6,서울특별시 마포구 연남동 240-10,023361575,"수,목,금 11시30분-21시",토-일 11시30분-21시,N,N,Y,N,Y,Y,Y,N,20221130
잇츠,음식점/유흥시설,유럽음식,이탈리아,경기도,김포시,구래동,,6883-8 번지,김포한강9로,80,37.644057,126.626036,10071,경기도 김포시 김포한강9로 80,경기도 김포시 구래동  6883-8,050714117506,월-금 11시30분-02시,토-일 11시30분-02시,Y,N,N,N,Y,N,N,N,20221130
잇츠 신정호수점,음식점/유흥시설,유럽음식,이탈리아,충청남도,아산시,기산동,,167-3 번지,순천향로,387,36.758528,126.968692,31559,충청남도 아산시 순천향로 387,충청남도 아산시 기산동  167-3,050713346002,화-금 10시-21시30분,토-일 10시-21시30분,Y,N,N,N,Y,N,N,N,20221130
잇탈리,음식점/유흥시설,유럽음식,이탈리아,경기도,파주시,탄현면,법흥리,1652-247 번지,헤이리마을길,48-9,37.78795,126.698774,10859,경기도 파주시 헤이리마을길 48-9,경기도 파주시 탄현면 법흥리 1652-247,050713721448,월-금 11시-22시,토-일 11시-22시,Y,N,N,N,Y,N,N,N,20221130
제나나,음식점/유흥시설,유럽음식,기타,서울특별시,용산구,이촌동,,302-61 번지,이촌로,192,37.521125,126.968385,4427,서울특별시 용산구 이촌로 192,서울특별시 용산구 이촌동  302-61,0263261982,"월-수 11시-19시, 목,금 11시-24시",토 11시-24시,N,N,N,N,Y,N,N,N,20221130
제니바,음식점/유흥시설,유럽음식,기타,서울특별시,용산구,이태원동,,580 번지,녹사평대로46길,5,37.537444,126.987245,4345,서울특별시 용산구 녹사평대로46길 5,서울특별시 용산구 이태원동  580,050714489196,화-금 18시-03시,토-일 18시-03시,N,N,N,N,Y,N,N,N,20221130
제주 아살람레스토랑,음식점/유흥시설,중동음식,아랍 이집트 지중해 터키 중동,제주특별자치도,제주시,삼도이동,,1-2 번지,중앙로2길,7,33.516542,126.524132,63166,제주특별자치도 제주시 중앙로2길 7,제주특별자치도 제주시 삼도이동 1-2,050431396652,"월,화,목,금 12시-22시",토-일 12시-22시,N,N,N,N,Y,N,N,N,20221130
제주옥탑,음식점/유흥시설,동남아시아음식,인도,부산광역시,연제구,연산동,,730-17 번지,고분로13번길,1,35.185912,129.083866,47549,부산광역시 연제구 고분로13번길 1,부산광역시 연제구 연산동  730-17,050713685341,월-금 15시-01시,토-일 15시-01시,Y,N,N,N,Y,N,N,N,20221130
젤라잇,음식점/유흥시설,동남아시아음식,기타,서울특별시,마포구,동교동,,153-33 번지,동교로,210,37.558631,126.923786,3994,서울특별시 마포구 동교로 210,서울특별시 마포구 동교동  153-33,0260320614,월-금 14시-23시,토-일 11시-23시,Y,N,N,N,Y,N,N,N,20221130
조이네팔라펠,음식점/유흥시설,동남아시아음식,태국,서울특별시,용산구,용산동2가,,20 번지,신흥로15길,18-8,37.544531,126.985645,4338,서울특별시 용산구 신흥로15길 18-8,서울특별시 용산구 용산동2가  20,050714671251,"목,금 12시-18시",토-일 12시-18시,N,N,N,N,Y,N,N,N,20221130
주토피아,음식점/유흥시설,유럽음식,이탈리아,대구광역시,중구,동인동4가,,535-3 번지,동덕로30길,141,35.865905,128.611474,41947,대구광역시 중구 동덕로30길 141,대구광역시 중구 동인동4가  535-3,050713136549,수-금 17시-22시,토-일 12시-22시,Y,N,N,N,Y,N,N,N,20221130
중경삼림,음식점/유흥시설,동아시아음식,중국,서울특별시,광진구,자양동,,17-1 번지,아차산로,200,37.541274,127.065948,5071,서울특별시 광진구 아차산로 200,서울특별시 광진구 자양동  17-1,050714197120,월-금 11시-24시,토-일 11시-24시,Y,N,N,N,Y,N,N,N,20221130
중일,음식점/유흥시설,동아시아음식,일본,대구광역시,중구,완전동,,5-15 번지,교동3길,36,35.872718,128.598436,41912,대구광역시 중구 교동3길 36,대구광역시 중구 완전동  5-15,050713777573,"월-목 16시-01시,금 16시-02시","토 16시-02시,일 16시-01시",N,N,N,N,Y,N,N,N,20221130
지니스타코 발산점,음식점/유흥시설,남미음식,멕시코,서울특별시,강서구,마곡동,,797-1 번지,공항대로,247,37.559149,126.835614,7803,서울특별시 강서구 공항대로 247,서울특별시 강서구 마곡동  797-1,050713219229,월-금 11시30분-21시30분,토-일 12시-21시,Y,N,N,N,Y,N,N,N,20221130
질할브로스,음식점/유흥시설,동남아시아음식,인도,서울특별시,용산구,이태원동,,118-72 번지,이태원로27가길,58,37.53496,126.992105,4350,서울특별시 용산구 이태원로27가길 58,서울특별시 용산구 이태원동  118-72,027491422,"수,목 15시-24시,금 16시-04시","토 16시-04시,일 15시-24시",N,N,N,N,Y,N,N,N,20221130
짜이다방,음식점/유흥시설,인도아시아음식,기타,제주특별자치도,서귀포시,안덕면,사계리,1934-3 번지,사계남로,239,33.234416,126.308022,63528,제주특별자치도 서귀포시 안덕면 사계남로 239,제주특별자치도 서귀포시 안덕면 사계리 1934-3,050713603453,수-금 11시-21시,토-일 11시-21시,N,N,N,N,Y,N,N,N,20221130
착벳,음식점/유흥시설,동남아시아음식,베트남,충청남도,천안시 동남구,대흥동,,81 번지,대흥로,232-1,36.808638,127.148246,31129,충청남도 천안시 동남구 대흥로 232-1,충청남도 천안시 동남구 대흥동  81,050713470839,월-금 00시-24시,토-일 00시-24시,N,N,N,N,Y,N,N,N,20221130
취향의온도,음식점/유흥시설,동남아시아음식,기타,제주특별자치도,서귀포시,성산읍,성산리,145-1 번지,일출로255번길,4,33.461413,126.933309,63643,제주특별자치도 서귀포시 일출로255번길 4,제주특별자치도 서귀포시 성산읍 성산리 145-1,050713841451,월-금 14시-23시,토-일 14시-23시,Y,N,N,N,Y,N,N,N,20221130
치도,음식점/유흥시설,남미음식,멕시코,전라남도,담양군,담양읍,지침리,138-5 번지,지침1길,6,35.317557,126.983829,57344,전라남도 담양군 지침1길 6,전라남도 담양군 담양읍 지침리 138-5,,화-금 11시-19시,토-일 11시-19시,Y,N,N,N,Y,N,N,N,20221130
치폴라 청라점,음식점/유흥시설,동남아시아음식,기타,인천광역시,서구,청라동,,165-12 번지,청라에메랄드로,99,37.533601,126.655723,22738,인천광역시 서구 청라에메랄드로 99,인천광역시 서구 청라동  165-12,050713755501,"월,화,수,금 09시-19시",토-일 09시-19시,Y,N,N,N,Y,N,N,N,20221130
칠랑고,음식점/유흥시설,남미음식,멕시코,서울특별시,강남구,대치동,,900-19 번지,역삼로67길,19,37.502612,127.052752,6197,서울특별시 강남구 역삼로67길 19,서울특별시 강남구 대치동  900-19,050713704511,월-금 17시-23시,토-일 17시-23시,Y,N,N,N,Y,N,N,N,20221130
칠리 킹,음식점/유흥시설,북미음식,미국 캐나다,서울특별시,용산구,이태원동,,168-3 번지,이태원로19길,5,37.53476,126.991756,4351,서울특별시 용산구 이태원로19길 5,서울특별시 용산구 이태원동 168-3,050713311303,"월,수,목,금 18시-23시",토-일 17시-23시,N,N,N,N,Y,N,N,N,20221130
카나비시모커리,음식점/유흥시설,유럽음식,이탈리아,서울특별시,용산구,이태원동,,118-4 번지,이태원로19길,18,37.535245,126.991847,4350,서울특별시 용산구 이태원로19길 18,서울특별시 용산구 이태원동  118-4,050714365552,13시-22시,13시-21시,N,N,N,N,Y,N,N,N,20221130
카페그라운드,음식점/유흥시설,유럽음식,이탈리아,부산광역시,금정구,장전동,,409-26 번지,금강로,271-38,35.232588,129.084773,46288,부산광역시 금정구 금강로 271-38,부산광역시 금정구 장전동 409-26,050713888812,월-금 10시-23시,토-일 10시-23시,N,N,N,N,Y,N,N,N,20221130
카페쿠바노,음식점/유흥시설,남미음식,카리브해 쿠바,서울특별시,마포구,서교동,,336-23 번지,와우산로29나길,7,37.554813,126.92841,4053,서울특별시 마포구 와우산로29나길 7,서울특별시 마포구 서교동 336-23,050713209807,수-금 16시-23시,토-일 16시-23시,N,N,N,N,Y,N,N,N,20221130
캘리인더볼,음식점/유흥시설,남미음식,멕시코,서울특별시,서대문구,창천동,,445 번지,연희로,32-1,37.56163,126.927287,3784,서울특별시 서대문구 연희로 32-1,서울특별시 서대문구 창천동  445,07076251010,"월,수,목,금 11시30분-22시30분",토-일 11시30분-22시30분,N,N,N,N,Y,N,N,N,20221130
캥거루포인트,음식점/유흥시설,오세아니아음식,호주,부산광역시,해운대구,우동,,1436-1 번지,마린시티3로,51,35.153799,129.146204,48118,부산광역시 해운대구 마린시티3로 51,부산광역시 해운대구 우동 1436-1,0517445009,월-금 9시-22시,토-일 9시-22시,Y,N,N,N,Y,N,N,N,20221130
커피캄머,음식점/유흥시설,유럽음식,이탈리아,제주특별자치도,서귀포시,대정읍,상모리,3243 번지,상모대서로66번길,17,33.227156,126.261308,63510,제주특별자치도 서귀포시 상모대서로66번길 17,제주특별자치도 서귀포시 대정읍 상모리 3243,0647943303,,,Y,N,N,N,Y,N,N,N,20221130
컴피브런치&와인,음식점/유흥시설,유럽음식,이탈리아,경기도,고양시 일산동구,백석동,,1318 번지,호수로,340-38,37.63886,126.788542,10449,경기도 고양시 일산동구 호수로 340-38,경기도 고양시 일산동구 백석동 1318,15440876,"월-화,목-금 11시-22시","토 10시-22시,일 10시-16시",Y,N,N,N,Y,N,N,N,20221130
코카펠라,음식점/유흥시설,북미음식,미국,울산광역시,남구,옥동,,143-10 번지,대공원로97번길,3,35.532125,129.294053,44664,울산광역시 남구 대공원로97번길 3,울산광역시 남구 옥동 143-10,050714260502,"월,수,목,금 11시-21시",토-일 11시-21시,N,N,N,N,Y,N,N,N,20221130
코쿤캅,음식점/유흥시설,동남아시아음식,기타,서울특별시,서대문구,대현동,,60-11 번지,신촌역로,22-5,37.558925,126.94301,3766,서울특별시 서대문구 신촌역로 22-5,서울특별시 서대문구 대현동  60-11,,,,N,N,N,N,Y,N,N,N,20221130
쿠치나 디 까사,음식점/유흥시설,유럽음식,이탈리아,서울특별시,송파구,문정동,,642 번지,송파대로,201,37.487342,127.119558,5854,서울특별시 송파구 송파대로 201,서울특별시 송파구 문정동  642,050713385564,11시-22시,11시-21시,Y,N,N,N,Y,N,N,N,20221130
쿠치나디까사,음식점/유흥시설,유럽음식,이탈리아,서울특별시,송파구,문정동,,642 번지,송파대로,201,37.486962,127.119507,5854,서울특별시 송파구 송파대로 201,서울특별시 송파구 문정동  642,050713385564,월-금 11시-22시,토-일 11시-22시,Y,N,N,N,Y,N,N,N,20221130
크라이치즈버거 - 삼성역점,음식점/유흥시설,북미음식,미국,서울특별시,강남구,대치동,,996-17 번지,테헤란로,616,37.509044,127.065263,6174,서울특별시 강남구 테헤란로 616,서울특별시 강남구 대치동 996-17 미레에셋벤처타워,050713506244,월-금 11시-21시30분,토-일 11시-21시30분,Y,N,N,N,Y,N,N,N,20221130
클램,음식점/유흥시설,유럽음식,스페인,부산광역시,수영구,광안동,,196-8 번지,남천바다로33번길,104,35.152467,129.117102,48303,부산광역시 수영구 남천바다로33번길 104,부산광역시 수영구 광안동 196-8,050714338522,월-금 12시-02시,토-일 12시-02시,Y,N,N,Y,Y,N,N,N,20221130
클레시옹,음식점/유흥시설,동남아시아음식,기타,서울특별시,종로구,돈의동,,23 번지,수표로28길,30-2,37.572908,126.990331,3133,서울특별시 종로구 수표로28길 30-2,서울특별시 종로구 돈의동  23,050714801343,화-금 12시-21시,토-일 12시-21시,N,N,N,N,Y,N,N,N,20221130
키친보이즈,음식점/유흥시설,유럽음식,이탈리아,부산광역시,부산진구,전포동,,677-3 번지,서전로38번길,43-8,35.155716,129.064295,47293,부산광역시 부산진구 서전로38번길 43-8,부산광역시 부산진구 전포동  677-3,050714010077,월-금 11시-21시,토 11시-21시,N,N,N,N,Y,N,N,N,20221130
키친오즈,음식점/유흥시설,유럽음식,이탈리아,제주특별자치도,제주시,한림읍,협재리,958-1 번지,협재로,208,33.380062,126.251209,63015,제주특별자치도 제주시 협재로 208,제주특별자치도 제주시 한림읍 협재리 958-1,0647967165,"월,수,목,금 11시-18시",토-일 11시-18시,N,N,N,N,Y,N,N,N,20221130
키키,음식점/유흥시설,유럽음식,이탈리아,부산광역시,부산진구,전포동,,687-3 번지,전포대로209번길,9,35.155238,129.064611,47294,부산광역시 부산진구 전포대로209번길 9,부산광역시 부산진구 전포동  687-3,07088844369,월-금 12시-02시,토-일 12시-02시,N,N,N,N,Y,N,N,N,20221130
킹반미1964 현대프리미엄아울렛송도점,음식점/유흥시설,동남아시아음식,베트남,인천광역시,연수구,송도동,,168-1 번지,송도국제대로,123,37.381629,126.657917,21984,인천광역시 연수구 송도국제대로 123,인천광역시 연수구 송도동 168-1 현대프리미엄 아울렛 송도점,03264143228,,,Y,N,N,N,Y,N,N,N,20221130
타이반쩜 연신내점,음식점/유흥시설,동남아시아음식,태국,서울특별시,은평구,갈현동,,422-2 번지,갈현로,311,37.624772,126.916936,3315,서울특별시 은평구 갈현로 311,서울특별시 은평구 갈현동  422-2,023568238,월-금 10시-21시,토-일 10시-21시,N,N,N,N,Y,N,N,N,20221130
타이인플레이트,음식점/유흥시설,동남아시아음식,태국,서울특별시,성동구,사근동,,178 번지,사근동8길,3,37.560617,127.047199,4762,서울특별시 성동구 사근동8길 3,서울특별시 성동구 사근동  178,050714170984,월-금 11시-21시,토-일 11시-21시,N,N,N,N,Y,N,N,N,20221130
타임포타이,음식점/유흥시설,동남아시아음식,태국,경기도,성남시 분당구,율동,,323-4 번지,문정로144번길,5,37.382849,127.151582,13576,경기도 성남시 분당구 문정로144번길 5,경기도 성남시 분당구 율동  323-4,050714411145,월-금 11시-22시,토-일 11시-22시,Y,N,N,N,Y,N,N,N,20221130
타코마씸,음식점/유흥시설,남미음식,멕시코,제주특별자치도,제주시,구좌읍,월정리,13 번지,해맞이해안로,474,33.555069,126.797219,63358,제주특별자치도 제주시 해맞이해안로 474,제주특별자치도 제주시 구좌읍 월정리 13,0647820726,월-금 10시30분-20시,토-일 10시30분-20시,Y,N,N,N,Y,N,N,N,20221130
타코탁탁,음식점/유흥시설,남미음식,멕시코,경기도,평택시,합정동,,730-19 번지,자유로14번길,17,36.992334,127.091598,17909,경기도 평택시 자유로14번길 17,경기도 평택시 합정동  730-19,,화-금 17시-02시,토 17시-02시,N,N,N,N,Y,N,N,N,20221130
테디베이커리,음식점/유흥시설,인도아시아음식,인도,서울특별시,송파구,석촌동,,216-31 번지,삼학사로8길,15,37.500181,127.098643,5679,서울특별시 송파구 삼학사로8길 15,서울특별시 송파구 석촌동  216-31,050714137957,화-금 12시-19시,"토 12시-19시,일 12시-16시",N,N,N,N,Y,N,N,N,20221130
톰톰카레,음식점/유흥시설,동아시아음식,일본,제주특별자치도,제주시,구좌읍,평대리,2033-1 번지,해맞이해안로,1112,33.537385,126.837481,63360,제주특별자치도 제주시 해맞이해안로 1112,제주특별자치도 제주시 구좌읍 평대리 2033-1,050714611535,화-금 11시-20시,토-일 11시-20시,N,N,N,N,Y,N,N,N,20221130
툼브로이,음식점/유흥시설,유럽음식,독일,부산광역시,해운대구,송정동,,82-8 번지,해운대로,1244,35.195789,129.20592,48069,부산광역시 해운대구 해운대로 1244,부산광역시 해운대구 송정동 82-8 송정동카센타,050713426297,목-금 16시-22시,토-일 14시-22시,Y,N,Y,N,Y,N,N,N,20221130
트라타 익선점,음식점/유흥시설,남미음식,멕시코,서울특별시,종로구,와룡동,,173 번지,돈화문로,65,37.57424,126.990824,3133,서울특별시 종로구 돈화문로 65,서울특별시 종로구 와룡동  173,050713648125,월-금 10시30분-23시,토-일 10시30분-23시,N,N,N,N,Y,N,N,N,20221130
티제이 버거,음식점/유흥시설,북미음식,미국,대구광역시,수성구,만촌동,,424-1 번지,화랑로2길,114,35.867826,128.636744,42039,대구광역시 수성구 화랑로2길 114,대구광역시 수성구 만촌동 424-1,050714890112,화-금 11시30분-20시,토-일 11시30분-20시,Y,N,N,N,Y,N,N,N,20221130
파스타쿠찌,음식점/유흥시설,유럽음식,이탈리아,충청북도,청주시 상당구,북문로1가,,50-9 번지,상당로59번길,12-3,36.633831,127.489801,28530,충청북도 청주시 상당구 상당로59번길 12-3,충청북도 청주시 상당구 북문로1가  50-9,07089818430,월-금 11시30분-21시30분,토-일 11시30분-21시30분,N,N,N,N,Y,N,N,N,20221130
팟카파우,음식점/유흥시설,동남아시아음식,태국,서울특별시,용산구,용산동2가,,1-510 번지,신흥로,97-6,37.545193,126.984851,4337,서울특별시 용산구 신흥로 97-6,서울특별시 용산구 용산동2가  1-510,050713122521,월-금 12시-21시,토 12시-21시,N,N,N,N,Y,N,N,N,20221130
팡시온,음식점/유흥시설,유럽음식,이탈리아,대전광역시,동구,신촌동,,362-5 번지,회남로275번길,227,36.377814,127.504063,34501,대전광역시 동구 회남로275번길 227,대전광역시 동구 신촌동 362-5 팡시온,050713951717,월-금 11시-21시,토-일 11시-21시,Y,N,N,N,Y,N,N,N,20221130
팬케이크샵 가로수길점,음식점/유흥시설,북미음식,미국,서울특별시,강남구,신사동,,522-6 번지,강남대로162길,21,37.520222,127.020182,6028,서울특별시 강남구 강남대로162길 21,서울특별시 강남구 신사동  522-6,07088064440,9시-21시,9시-21시,Y,N,N,N,Y,N,N,N,20221130
퍼지네이블,음식점/유흥시설,남미음식,멕시코,부산광역시,수영구,민락동,,178-13 번지,광안해변로,249,35.155179,129.121156,48284,부산광역시 수영구 광안해변로 249,부산광역시 수영구 민락동  178-13,050713316349,월-금 15시-04시,"토 15시-04시,일 12시-04시",N,N,N,N,Y,N,N,N,20221130
퍼햅스투데이,음식점/유흥시설,북미음식,미국 이탈리아,서울특별시,용산구,한남동,,738-7 번지,이태원로55가길,35,37.536754,126.999707,4348,서울특별시 용산구 이태원로55가길 35,서울특별시 용산구 한남동 738-7,050713882767,"수-목 12시-20시,금 12시-22시","토 12시-22시,일 12시-16시",N,N,Y,N,Y,N,N,N,20221130
페스토페스토,음식점/유흥시설,동남아시아음식,기타,서울특별시,마포구,망원동,,385-26 번지,동교로,79,37.554114,126.910778,4018,서울특별시 마포구 동교로 79,서울특별시 마포구 망원동  385-26,023369294,수-금 11시30분-21시,토-일 11시30분-21시,Y,N,N,N,Y,N,N,N,20221130
포군,음식점/유흥시설,동남아시아음식,베트남,강원도,양양군,현남면,남애리,180-14 번지,동해대로,260,37.933738,128.789411,25057,강원도 양양군 동해대로 260,강원도 양양군 현남면 남애리 180-14,050713344950,,,Y,N,N,N,Y,N,N,N,20221130
포로이 상일점,음식점/유흥시설,동남아시아음식,베트남,서울특별시,강동구,상일동,,268-3 번지,상일로,29,37.549661,127.172814,5282,서울특별시 강동구 상일로 29,서울특별시 강동구 상일동  268-3,024271230,월-금 11시-21시,일 11시-21시,Y,N,N,N,Y,N,N,N,20221130
포모루,음식점/유흥시설,동남아시아음식,베트남,서울특별시,마포구,연남동,,260-25 번지,동교로36길,3,37.561292,126.924584,3982,서울특별시 마포구 동교로36길 3,서울특별시 마포구 연남동  260-25,0269515456,11시30분-19시,11시30분-19시,Y,N,N,N,Y,N,N,N,20221130
포몬스,음식점/유흥시설,동남아시아음식,베트남,경기도,고양시 일산동구,장항동,,868 번지,정발산로,24,37.654928,126.772749,10403,경기도 고양시 일산동구 정발산로 24,경기도 고양시 일산동구 장항동  868,0319316886,11시-22시,11시-22시,Y,N,N,N,Y,N,N,N,20221130
포몬스,음식점/유흥시설,동남아시아음식,베트남,경기도,구리시,인창동,,266-8 번지,건원대로,3,37.601498,127.140706,11926,경기도 구리시 건원대로 3,경기도 구리시 인창동  266-8,0315572001,,,Y,N,N,N,Y,N,N,N,20221130
포몬스,음식점/유흥시설,동남아시아음식,베트남,경기도,하남시,신장동,,570 번지,하남대로,747,37.53801,127.212611,12961,경기도 하남시 하남대로 747,경기도 하남시 신장동  570,0317924190,10시-21시,10시-21시,Y,N,N,N,Y,N,N,N,20221130
포몬스,음식점/유흥시설,동남아시아음식,베트남,서울특별시,강남구,논현동,,232-5 번지,봉은사로37길,13,37.509241,127.036473,6109,서울특별시 강남구 봉은사로37길 13,서울특별시 강남구 논현동  232-5,025447963,10시-22시,10시-22시,Y,N,N,N,Y,N,N,N,20221130
포몬스,음식점/유흥시설,동남아시아음식,베트남,서울특별시,강남구,대치동,,961-2 번지,역삼로,508,37.503178,127.059547,6186,서울특별시 강남구 역삼로 508,서울특별시 강남구 대치동  961-2,025396048,,,Y,N,N,N,Y,N,N,N,20221130
포몬스,음식점/유흥시설,동남아시아음식,베트남,서울특별시,강남구,신사동,,660-12 번지,선릉로161길,32,37.527737,127.03783,6018,서울특별시 강남구 선릉로161길 32,서울특별시 강남구 신사동  660-12,025433034,10시-22시,10시-22시,Y,N,N,N,Y,N,N,N,20221130
포몬스,음식점/유흥시설,동남아시아음식,베트남,서울특별시,강남구,역삼동,,829-8 번지,역삼로7길,8,37.494671,127.033302,6244,서울특별시 강남구 역삼로7길 8,서울특별시 강남구 역삼동  829-8,0234536070,10시-22시,10시-22시,Y,N,N,N,Y,N,N,N,20221130
포몬스,음식점/유흥시설,동남아시아음식,베트남,서울특별시,관악구,봉천동,,1601-22 번지,남부순환로,1852,37.479917,126.95555,8789,서울특별시 관악구 남부순환로 1852,서울특별시 관악구 봉천동  1601-22,028845900,10시-04시,10시-04시,Y,N,N,N,Y,N,N,N,20221130
포몬스,음식점/유흥시설,동남아시아음식,베트남,서울특별시,광진구,자양동,,8-3 번지,아차산로,208,37.541071,127.066509,5072,서울특별시 광진구 아차산로 208,서울특별시 광진구 자양동  8-3,024611721,00시-24시,00시-24시,Y,N,N,N,Y,N,N,N,20221130
포몬스,음식점/유흥시설,동남아시아음식,베트남,서울특별시,마포구,서교동,,345-6 번지,어울마당로,116,37.554975,126.923346,4055,서울특별시 마포구 어울마당로 116,서울특별시 마포구 서교동  345-6,023262001,10시30분-24시,10시30분-24시,Y,N,N,N,Y,N,N,N,20221130
포몬스,음식점/유흥시설,동남아시아음식,베트남,서울특별시,서초구,양재동,,283-3 번지,논현로,55,37.475223,127.046695,6782,서울특별시 서초구 논현로 55,서울특별시 서초구 양재동  283-3,025753785,10시30분-23시,10시30분-23시,Y,N,N,N,Y,N,N,N,20221130
포몬스,음식점/유흥시설,동남아시아음식,베트남,서울특별시,성동구,옥수동,,191-3 번지,한림말길,56,37.540949,127.017282,4736,서울특별시 성동구 한림말길 56,서울특별시 성동구 옥수동  191-3,0222822241,11시-22시,11시-22시,Y,N,N,N,Y,N,N,N,20221130
포몬스,음식점/유흥시설,동남아시아음식,베트남,서울특별시,송파구,방이동,,177-3 번지,위례성대로,48,37.515326,127.117542,5627,서울특별시 송파구 위례성대로 48,서울특별시 송파구 방이동  177-3,024200038,10시-24시,10시-24시,Y,N,N,N,Y,N,N,N,20221130
포몬스,음식점/유흥시설,동남아시아음식,베트남,서울특별시,송파구,잠실동,,197-8 번지,백제고분로9길,8,37.509142,127.079969,5562,서울특별시 송파구 백제고분로9길 8,서울특별시 송파구 잠실동  197-8,024128777,10시-24시,10시-24시,Y,N,N,N,Y,N,N,N,20221130
포몬스,음식점/유흥시설,동남아시아음식,베트남,서울특별시,중랑구,면목동,,170-7 번지,동일로,569-3,37.580962,127.079061,2235,서울특별시 중랑구 동일로 569-3,서울특별시 중랑구 면목동  170-7,024341211,00시-24시,00시-24시,Y,N,N,N,Y,N,N,N,20221130
포몬스,음식점/유흥시설,동남아시아음식,베트남,충청북도,충주시,종민동,,1028-21 번지,충주호수로,598-1,37.010835,127.980016,27484,충청북도 충주시 충주호수로 598-1,충청북도 충주시 종민동  1028-21,050713675253,,,Y,N,N,N,Y,N,N,N,20221130
포몬스베트남쌀국수,음식점/유흥시설,동남아시아음식,베트남,서울특별시,서초구,방배동,,852-21 번지,방배로,179,37.48943,126.992218,6572,서울특별시 서초구 방배로 179,서울특별시 서초구 방배동  852-21,0234810345,09시-02시,09시-02시,Y,N,N,N,Y,N,N,N,20221130
포무드,음식점/유흥시설,동남아시아음식,베트남,경기도,김포시,장기동,,2054-4 번지,초당로16번길,102-1,37.639154,126.673832,10088,경기도 김포시 초당로16번길 102-1,경기도 김포시 장기동  2054-4,050713300470,11시-21시,11시-21시,Y,N,N,N,Y,N,N,N,20221130
포미래,음식점/유흥시설,동남아시아음식,베트남,서울특별시,성동구,성수동2가,,278-15 번지,아차산로11길,33,37.546789,127.060379,4796,서울특별시 성동구 아차산로11길 33,서울특별시 성동구 성수동2가  278-15,050713549981,10시-16시,10시-16시,Y,N,N,N,Y,N,N,N,20221130
포미쌀국수,음식점/유흥시설,동남아시아음식,베트남,충청북도,청주시 서원구,분평동,,1224 번지,월평로,7,36.611359,127.485882,28790,충청북도 청주시 서원구 월평로 7,충청북도 청주시 서원구 분평동  1224,050713428989,10시30분-20시,10시30분-20시,Y,N,N,N,Y,N,N,N,20221130
포바이키친,음식점/유흥시설,동남아시아음식,베트남,경기도,안성시,대덕면,건지리,434-3 번지,중앙로,100,37.012312,127.240213,17545,경기도 안성시 중앙로 100,경기도 안성시 대덕면 건지리 434-3,0316770307,11시-16시,11시-16시,Y,N,N,N,Y,N,N,N,20221130
포반,음식점/유흥시설,동남아시아음식,베트남,경기도,하남시,망월동,,1099-1 번지,미사강변중앙로,180,37.563075,127.190837,12913,경기도 하남시 미사강변중앙로 180,경기도 하남시 망월동  1099-1,03180278599,11시-21시,11시-21시,Y,N,N,N,Y,N,N,N,20221130
포범,음식점/유흥시설,동남아시아음식,베트남,경상북도,구미시,봉곡동,,359-14 번지,봉곡남로8길,6-1,36.149069,128.308138,39209,경상북도 구미시 봉곡남로8길 6-1,경상북도 구미시 봉곡동  359-14,050713306986,11시-21시,11시-21시,Y,N,N,N,Y,N,N,N,20221130
포베,음식점/유흥시설,동남아시아음식,베트남,전라북도,전주시 덕진구,송천동2가,,1329-1 번지,세병2길,10,35.873077,127.124568,55149,전라북도 전주시 덕진구 세병2길 10,전라북도 전주시 덕진구 송천동2가  1329-1,0632776116,11시-21시,11시-21시,Y,N,N,N,Y,N,N,N,20221130
포베이,음식점/유흥시설,동남아시아음식,인도,강원도,원주시,지정면,가곡리,1349-2 번지,신지정로,172,37.374445,127.877671,26353,강원도 원주시 신지정로 172,강원도 원주시 지정면 가곡리 1349-2,0339001288,11시-21시30분,11시-21시30분,Y,N,N,N,Y,N,N,N,20221130
포베이,음식점/유흥시설,동남아시아음식,인도,경기도,군포시,당정동,,181-43 번지,공단로140번길,52,37.357192,126.955524,15847,경기도 군포시 공단로140번길 52,경기도 군포시 당정동  181-43,03151830733,11시-21시,11시-21시,Y,N,N,N,Y,N,N,N,20221130
포베이,음식점/유흥시설,동남아시아음식,베트남,경기도,성남시 분당구,백현동,,565-1 번지,판교역로18번길,28,37.386151,127.111012,13536,경기도 성남시 분당구 판교역로18번길 28,경기도 성남시 분당구 백현동  565-1,0316982900,11시-22시,11시-22시,Y,N,N,N,Y,N,N,N,20221130
포베이,음식점/유흥시설,동남아시아음식,베트남,경기도,성남시 분당구,삼평동,,678 번지,판교역로,240,37.40207,127.110443,13493,경기도 성남시 분당구 판교역로 240,경기도 성남시 분당구 삼평동  678,0316982900,11시-22시,11시-22시,Y,N,N,N,Y,N,N,N,20221130
포베이,음식점/유흥시설,동남아시아음식,인도,경기도,수원시 팔달구,매산로1가,,18 번지,덕영대로,924,37.266039,127.000664,16622,경기도 수원시 팔달구 덕영대로 924,경기도 수원시 팔달구 매산로1가  18,0312401379,11시-22시,11시-22시,Y,N,N,N,Y,N,N,N,20221130
포베이,음식점/유흥시설,동남아시아음식,베트남,경기도,의왕시,삼동,,192-38 번지,부곡중앙남2길,1,37.320758,126.950709,16088,경기도 의왕시 부곡중앙남2길 1,경기도 의왕시 삼동  192-38,050713325574,11시-22시,11시-22시,Y,N,N,N,Y,N,N,N,20221130
포베이,음식점/유흥시설,동남아시아음식,인도,경기도,의왕시,포일동,,653 번지,이미로,40,37.40029,126.990539,16006,경기도 의왕시 이미로 40,경기도 의왕시 포일동  653,050714303347,10시30분-19시,10시30분-19시,Y,N,N,N,Y,N,N,N,20221130
포베이,음식점/유흥시설,동남아시아음식,베트남,경상남도,김해시,신문동,,1414 번지,장유로,469,35.184836,128.82857,51011,경상남도 김해시 장유로 469,경상남도 김해시 신문동  1414,0559002791,11시-22시,11시-22시,N,N,N,N,Y,N,N,N,20221130
포베이,음식점/유흥시설,동남아시아음식,베트남,경상남도,창원시 마산합포구,신포동2가,,28 번지,동서동로,18,35.201421,128.573389,51720,경상남도 창원시 마산합포구 동서동로 18,경상남도 창원시 마산합포구 신포동2가  28,0552405799,11시-22시,11시-22시,N,N,N,N,Y,N,N,N,20221130
포베이,음식점/유흥시설,동남아시아음식,베트남,광주광역시,광산구,수완동,,955 번지,임방울대로,351,35.191416,126.823359,62247,광주광역시 광산구 임방울대로 351,광주광역시 광산구 수완동  955,0629541235,11시-22시,11시-22시,Y,N,N,N,Y,N,N,N,20221130
포베이,음식점/유흥시설,동남아시아음식,베트남,광주광역시,남구,봉선동,,109-8 번지,봉선로,176,35.122886,126.914289,61704,광주광역시 남구 봉선로 176,광주광역시 남구 봉선동  109-8,0626533366,11시-22시,11시-22시,Y,N,N,N,Y,N,N,N,20221130
포베이,음식점/유흥시설,동남아시아음식,베트남,광주광역시,북구,용봉동,,152-23 번지,우치로,104-10,35.176732,126.913029,61189,광주광역시 북구 우치로 104-10,광주광역시 북구 용봉동  152-23,0622661255,,,Y,N,N,N,Y,N,N,N,20221130
포베이,음식점/유흥시설,동남아시아음식,인도,대구광역시,북구,칠성동2가,,302-155 번지,태평로,161,35.875885,128.596129,41581,대구광역시 북구 태평로 161,대구광역시 북구 칠성동2가  302-155,,,,Y,N,N,N,Y,N,N,N,20221130
포베이,음식점/유흥시설,동남아시아음식,베트남,서울특별시,강남구,논현동,,110-19 번지,선릉로133길,16,37.518136,127.039493,6059,서울특별시 강남구 선릉로133길 16,서울특별시 강남구 논현동  110-19,0220570799,,,Y,N,N,N,Y,N,N,N,20221130
포베이,음식점/유흥시설,동남아시아음식,베트남,서울특별시,강남구,역삼동,,700-33 번지,테헤란로43길,17,37.504397,127.043683,6147,서울특별시 강남구 테헤란로43길 17,서울특별시 강남구 역삼동  700-33,025579989,11시-22시,11시-22시,Y,N,N,N,Y,N,N,N,20221130
포베이,음식점/유흥시설,동남아시아음식,베트남,서울특별시,광진구,구의동,,546-4 번지,광나루로56길,85,37.535985,127.095494,5116,서울특별시 광진구 광나루로56길 85,서울특별시 광진구 구의동  546-4,0234241900,11시-22시,11시-22시,Y,N,N,N,Y,N,N,N,20221130
포베이,음식점/유흥시설,동남아시아음식,베트남,서울특별시,구로구,구로동,,222-3 번지,디지털로26길,111,37.482326,126.897066,8390,서울특별시 구로구 디지털로26길 111,서울특별시 구로구 구로동  222-3,0261245809,11시-22시,11시-22시,Y,N,N,N,Y,N,N,N,20221130
포베이,음식점/유흥시설,동남아시아음식,베트남,서울특별시,금천구,가산동,,459-11 번지,가산디지털1로,186,37.481979,126.881537,8502,서울특별시 금천구 가산디지털1로 186,서울특별시 금천구 가산동  459-11,0220285552,11시-21시30분,11시-21시30분,N,N,N,N,Y,N,N,N,20221130
포베이,음식점/유흥시설,동남아시아음식,베트남,서울특별시,송파구,잠실동,,40-1 번지,올림픽로,240,37.511262,127.097993,5554,서울특별시 송파구 올림픽로 240,서울특별시 송파구 잠실동  40-1,0221431260,11시-22시,11시-22시,N,N,N,N,Y,N,N,N,20221130
포베이,음식점/유흥시설,동남아시아음식,인도,서울특별시,영등포구,여의도동,,20 번지,여의대로,128,37.527908,126.929258,7336,서울특별시 영등포구 여의대로 128,서울특별시 영등포구 여의도동  20,0237731277,,,N,N,N,N,Y,N,N,N,20221130
포베이,음식점/유흥시설,동남아시아음식,인도,서울특별시,중구,을지로6가,,18-53 번지,을지로43길,7,37.566686,127.006757,4564,서울특별시 중구 을지로43길 7,서울특별시 중구 을지로6가  18-53,0222339460,11시-20시20분,11시-20시20분,Y,N,N,N,Y,N,N,N,20221130
포베이,음식점/유흥시설,동남아시아음식,베트남,인천광역시,연수구,송도동,,168-3 번지,송도국제대로,165,37.380099,126.656435,21984,인천광역시 연수구 송도국제대로 165,인천광역시 연수구 송도동  168-3,0328130799,10시-22시,10시-22시,N,N,N,N,Y,N,N,N,20221130
포베이,음식점/유흥시설,동남아시아음식,베트남,인천광역시,중구,운서동,,2851 번지,공항로,271,37.447384,126.452526,22382,인천광역시 중구 공항로 272,인천광역시 중구 운서동  2851,0327436971,7시30분-20시,07시30분-20시,Y,N,N,N,Y,N,N,N,20221130
포보스,음식점/유흥시설,동남아시아음식,베트남,서울특별시,금천구,가산동,,371-17 번지,가산디지털1로,131,37.476998,126.882173,8506,서울특별시 금천구 가산디지털1로 131,서울특별시 금천구 가산동  371-17,0269476161,11시-21시,11시-21시,N,N,N,N,Y,N,N,N,20221130
포본,음식점/유흥시설,동남아시아음식,베트남,서울특별시,서초구,양재동,,67-7 번지,강남대로27길,7-21,37.478356,127.038157,6752,서울특별시 서초구 강남대로27길 7-21,서울특별시 서초구 양재동  67-7,0234441234,10시-22시,10시-22시,Y,N,N,N,Y,N,N,N,20221130
포브라더스,음식점/유흥시설,동남아시아음식,베트남,서울특별시,송파구,가락동,,600 번지,양재대로,932,37.493624,127.116348,5699,서울특별시 송파구 양재대로 932,서울특별시 송파구 가락동  600,050713131501,11시-22시,11시-22시,N,N,N,N,Y,N,N,N,20221130
포비엣콴,음식점/유흥시설,동남아시아음식,베트남,경기도,군포시,당동,,750-28 번지,군포로534번길,10,37.353624,126.947127,15855,경기도 군포시 군포로534번길 10,경기도 군포시 당동  750-28,0314273102,09시-22시,09시-22시,Y,N,N,N,Y,N,N,N,20221130
포샤인,음식점/유흥시설,동남아시아음식,베트남,경기도,화성시,청계동,,536 번지,동탄대로시범길,134,37.198891,127.113018,18476,경기도 화성시 동탄대로시범길 134,경기도 화성시 청계동  536,03180772288,11시-22시,11시-22시,Y,N,N,N,Y,N,N,N,20221130
포수아,음식점/유흥시설,동남아시아음식,베트남,경기도,수원시 팔달구,인계동,,1113-9 번지,효원로265번길,40,37.263815,127.031622,16490,경기도 수원시 팔달구 효원로265번길 40,경기도 수원시 팔달구 인계동  1113-9,0312236315,10시-22시,10시-22시,Y,N,N,N,Y,N,N,N,20221130
포아노이,음식점/유흥시설,동남아시아음식,베트남,광주광역시,동구,불로동,,1-30 번지,중앙로160번길,16-11,35.146938,126.91433,61484,광주광역시 동구 중앙로160번길 16-11,광주광역시 동구 불로동  1-30,,,,N,N,N,N,Y,N,N,N,20221130
포아델,음식점/유흥시설,동남아시아음식,베트남,경기도,성남시 분당구,구미동,,289-3 번지,구미로,191,37.344175,127.127815,13621,경기도 성남시 분당구 구미로 191,경기도 성남시 분당구 구미동  289-3,050714752521,11시-16시,11시-16시,N,N,N,N,Y,N,N,N,20221130
포아이니,음식점/유흥시설,동남아시아음식,베트남,경기도,남양주시,화도읍,마석우리,288-6 번지,마석중앙로,93,37.652155,127.309988,12180,경기도 남양주시 마석중앙로 93,경기도 남양주시 화도읍 마석우리 288-6,0315946052,,,Y,N,N,N,Y,N,N,N,20221130
포아이니,음식점/유흥시설,동남아시아음식,베트남,경기도,안산시 단원구,성곡동,,850-2 번지,시화호수로841번길,8,37.296449,126.760229,15657,경기도 안산시 단원구 시화호수로841번길 8,경기도 안산시 단원구 성곡동  850-2,0314919691,,,Y,N,N,N,Y,N,N,N,20221130
포아이니,음식점/유흥시설,동남아시아음식,베트남,경기도,안산시 상록구,본오동,,868-11 번지,본원로,41,37.292106,126.863083,15551,경기도 안산시 상록구 본원로 41,경기도 안산시 상록구 본오동  868-11,07075435118,,,Y,N,N,N,Y,N,N,N,20221130
포아이니,음식점/유흥시설,동남아시아음식,베트남,충청남도,당진시,읍내동,,1067 번지,시청1로,69,36.890833,126.639931,31774,충청남도 당진시 시청1로 69,충청남도 당진시 읍내동  1067,0413584766,10시30분-20시30분,10시30분-20시30분,Y,N,N,N,Y,N,N,N,20221130
포아이니,음식점/유흥시설,동남아시아음식,베트남,충청북도,제천시,천남동,,11-25 번지,원뜰로1길,17,37.131094,128.193177,27188,충청북도 제천시 원뜰로1길 17,충청북도 제천시 천남동  11-25,0436453161,11시-21시,11시-21시,Y,N,N,N,Y,N,N,N,20221130
포안나,음식점/유흥시설,동남아시아음식,베트남,서울특별시,중구,신당동,,361-38 번지,동호로11길,31,37.553836,127.009411,4598,서울특별시 중구 동호로11길 31,서울특별시 중구 신당동  361-38,050713644568,11시-21시,11시-21시,Y,N,N,N,Y,N,N,N,20221130
포안베트남쌀국수,음식점/유흥시설,동남아시아음식,베트남,경기도,포천시,영중면,성동리,445-5 번지,성장로,18,38.025067,127.261439,11127,경기도 포천시 성장로 18,경기도 포천시 영중면 성동리 445-5,0315319531,11시-21시,11시-21시,N,N,N,N,Y,N,N,N,20221130
포앤라이스,음식점/유흥시설,동남아시아음식,베트남,서울특별시,동대문구,전농동,,32-4 번지,사가정로,122,37.577221,127.058534,2531,서울특별시 동대문구 사가정로 122,서울특별시 동대문구 전농동  32-4,07086824448,11시-21시,11시-21시,Y,N,N,N,Y,N,N,N,20221130
포앤반,음식점/유흥시설,동남아시아음식,베트남,인천광역시,서구,당하동,,1028-5 번지,원당대로,848,37.593374,126.695569,22682,인천광역시 서구 원당대로 848,인천광역시 서구 당하동  1028-5,0325667772,11시-21시,11시-21시,N,N,N,N,Y,N,N,N,20221130
포앤스마일,음식점/유흥시설,동남아시아음식,베트남,부산광역시,해운대구,재송동,,1208-2 번지,센텀중앙로,97,35.17514,129.124508,48058,부산광역시 해운대구 센텀중앙로 97,부산광역시 해운대구 재송동  1208-2,0517157772,11시-20시,11시-20시,N,N,N,N,Y,N,N,N,20221130
포앤시드니,음식점/유흥시설,동남아시아음식,베트남,서울특별시,노원구,중계동,,506 번지,동일로203가길,29,37.639442,127.06432,1779,서울특별시 노원구 동일로203가길 29,서울특별시 노원구 중계동  506,029791555,10시30분-22시,10시30분-22시,N,N,N,N,Y,N,N,N,20221130
포앤시드니,음식점/유흥시설,동남아시아음식,베트남,서울특별시,성북구,동선동1가,,84-1 번지,보문로34길,77,37.591396,127.01952,2845,서울특별시 성북구 보문로34길 77,서울특별시 성북구 동선동1가  84-1,029299390,10시30분-22시,10시30분-22시,Y,N,N,N,Y,N,N,N,20221130
포앤시드니,음식점/유흥시설,동남아시아음식,베트남,서울특별시,중랑구,묵동,,170-1 번지,동일로,932,37.614287,127.077784,2033,서울특별시 중랑구 동일로 932,서울특별시 중랑구 묵동  170-1,029720075,10시30분-21시,10시30분-21시,N,N,N,N,Y,N,N,N,20221130
포앤유,음식점/유흥시설,동남아시아음식,베트남,전라북도,전주시 완산구,고사동,,355-1 번지,전주객사3길,72,35.820357,127.141685,54999,전라북도 전주시 완산구 전주객사3길 72,전라북도 전주시 완산구 고사동  355-1,0632323181,,,N,N,N,N,Y,N,N,N,20221130
포앤쿡,음식점/유흥시설,동남아시아음식,베트남,서울특별시,동작구,신대방동,,498-51 번지,여의대방로,80,37.496586,126.915611,7063,서울특별시 동작구 여의대방로 80,서울특별시 동작구 신대방동  498-51,028354999,11시-20시30분,11시-20시30분,Y,N,N,N,Y,N,N,N,20221130
포야포야,음식점/유흥시설,동남아시아음식,베트남,서울특별시,중랑구,면목동,,633-3 번지,사가정로52길,35,37.5794,127.086666,2239,서울특별시 중랑구 사가정로52길 35,서울특별시 중랑구 면목동  633-3,050713235044,10시30분-20시30분,10시30분-20시30분,Y,N,N,N,Y,N,N,N,20221130
포에버얌,음식점/유흥시설,동남아시아음식,베트남,부산광역시,기장군,일광읍,동백리,285-6 번지,문오성길,43,35.282811,129.258276,46041,부산광역시 기장군 문오성길 43,부산광역시 기장군 일광읍 동백리 285-6,050713113645,11시30분-20시,11시30분-20시,N,N,N,N,Y,N,N,N,20221130
포엔카페로또,음식점/유흥시설,동남아시아음식,베트남,충청남도,천안시 서북구,백석동,,104 번지,한들2로,34-27,36.827143,127.121238,31097,충청남도 천안시 서북구 한들2로 34-27,충청남도 천안시 서북구 백석동  104,050713674555,11시-19시,11시-19시,N,N,N,N,Y,N,N,N,20221130
포엘,음식점/유흥시설,동남아시아음식,베트남,서울특별시,동작구,대방동,,501 번지,여의대방로,250,37.508772,126.924295,6943,서울특별시 동작구 여의대방로 250,서울특별시 동작구 대방동  501,028138877,,,N,N,N,N,Y,N,N,N,20221130
포엠쓰리,음식점/유흥시설,동남아시아음식,베트남,서울특별시,강남구,대치동,,622 번지,남부순환로,2927,37.493558,127.060348,6280,서울특별시 강남구 남부순환로 2927,서울특별시 강남구 대치동  622,025010798,,,Y,N,N,N,Y,N,N,N,20221130
포우,음식점/유흥시설,동남아시아음식,베트남,서울특별시,강남구,삼성동,,155-13 번지,삼성로96길,15,37.509094,127.057103,6167,서울특별시 강남구 삼성로96길 15,서울특별시 강남구 삼성동  155-13,,11시30분-21시,11시30분-21시,Y,N,N,N,Y,N,N,N,20221130
포원,음식점/유흥시설,동남아시아음식,베트남,부산광역시,중구,중앙동2가,,49-32 번지,대청로,142-1,35.102721,129.035388,48956,부산광역시 중구 대청로 142-1,부산광역시 중구 중앙동2가  49-32,0512543777,08시-21시,08시-21시,Y,N,N,N,Y,N,N,N,20221130
포원,음식점/유흥시설,동남아시아음식,베트남,서울특별시,송파구,가락동,,11-20 번지,송이로17길,60,37.502038,127.125609,5702,서울특별시 송파구 송이로17길 60,서울특별시 송파구 가락동  11-20,,11시30분-21시,11시30분-21시,Y,N,N,N,Y,N,N,N,20221130
포유베트남쌀국수,음식점/유흥시설,동남아시아음식,베트남,부산광역시,기장군,정관읍,모전리,730 번지,정관로,350,35.335625,129.164567,46007,부산광역시 기장군 정관로 350,부산광역시 기장군 정관읍 모전리 730,0517274987,11시-22시,11시-22시,N,N,N,N,Y,N,N,N,20221130
포유탐,음식점/유흥시설,동남아시아음식,베트남,충청북도,충주시,문화동,,2034 번지,사직산12길,1,36.968784,127.923687,27410,충청북도 충주시 사직산12길 1,충청북도 충주시 문화동  2034,04334370142,10시30분-22시,10시30분-22시,Y,N,N,N,Y,N,N,N,20221130
포유탐,음식점/유흥시설,동남아시아음식,베트남,충청북도,충주시,봉방동,,84-2 번지,봉계13길,22,36.979676,127.917189,27361,충청북도 충주시 봉계13길 22,충청북도 충주시 봉방동  84-2,,10시30분-21시,10시30분-21시,Y,N,N,N,Y,N,N,N,20221130
포유티,음식점/유흥시설,동남아시아음식,베트남,서울특별시,송파구,방이동,,124-12 번지,오금로,195,37.508413,127.116104,5643,서울특별시 송파구 오금로 195,서울특별시 송파구 방이동  124-12,024127758,11시-21시,11시-21시,N,N,N,N,Y,N,N,N,20221130
포유티,음식점/유흥시설,동남아시아음식,베트남,서울특별시,송파구,방이동,,208-18 번지,위례성대로18길,28-13,37.509994,127.124333,5639,서울특별시 송파구 위례성대로18길 28-13,서울특별시 송파구 방이동  208-18,024084566,11시-22시,11시-22시,Y,N,N,N,Y,N,N,N,20221130
포으니베트남쌀국수,음식점/유흥시설,동남아시아음식,베트남,인천광역시,중구,북성동1가,,98-12 번지,월미문화로,71,37.47215,126.596268,22303,인천광역시 중구 월미문화로 71,인천광역시 중구 북성동1가  98-12,,,,N,N,N,N,Y,N,N,N,20221130
포이스트,음식점/유흥시설,동남아시아음식,베트남,경상북도,김천시,교동,,880-7 번지,연화지1길,22,36.138256,128.093284,39522,경상북도 김천시 연화지1길 22,경상북도 김천시 교동  880-7,050714897811,11시-20시,11시-20시,N,N,N,N,Y,N,N,N,20221130
포이스트,음식점/유흥시설,동남아시아음식,베트남,광주광역시,서구,마륵동,,183-6 번지,상무대로,635,35.141248,126.834447,61955,광주광역시 서구 상무대로 635,광주광역시 서구 마륵동  183-6,0623822600,,,N,N,N,N,Y,N,N,N,20221130
포이스트,음식점/유흥시설,동남아시아음식,베트남,서울특별시,구로구,구로동,,685-216 번지,구일로4길,29,37.491737,126.875872,8324,서울특별시 구로구 구일로4길 29,서울특별시 구로구 구로동  685-216,07086726265,11시-21시30분,11시-21시30분,Y,N,N,N,Y,N,N,N,20221130
포이스트,음식점/유흥시설,동남아시아음식,베트남,서울특별시,영등포구,양평동1가,,116-36 번지,영등포로13길,26,37.524791,126.889537,7272,서울특별시 영등포구 영등포로13길 26,서울특별시 영등포구 양평동1가  116-36,0226322630,11시-22시,11시-22시,N,N,N,N,Y,N,N,N,20221130
포이안,음식점/유흥시설,동남아시아음식,베트남,부산광역시,남구,용호동,,954 번지,분포로,145,35.132614,129.113368,48515,부산광역시 남구 분포로 145,부산광역시 남구 용호동  954,0516220034,11시-21시30분,11시-21시30분,N,N,N,N,Y,N,N,N,20221130
포이안,음식점/유흥시설,동남아시아음식,베트남,부산광역시,부산진구,부전동,,503-15 번지,가야대로,772,35.156759,129.055969,47285,부산광역시 부산진구 가야대로 772,부산광역시 부산진구 부전동  503-15,0518161312,10시-21시30분,10시-21시30분,N,N,N,N,Y,N,N,N,20221130
포제이,음식점/유흥시설,동남아시아음식,베트남,서울특별시,영등포구,당산동5가,,11-33 번지,당산로,222,37.533256,126.902302,7214,서울특별시 영등포구 당산로 222,서울특별시 영등포구 당산동5가  11-33,0263272770,11시-22시,11시-22시,N,N,N,N,Y,N,N,N,20221130
포차마레,음식점/유흥시설,동남아시아음식,베트남,경기도,용인시 기흥구,서천동,,809 번지,서천로127번길,11-6,37.236376,127.073563,17108,경기도 용인시 기흥구 서천로127번길 11-6,경기도 용인시 기흥구 서천동  809,0312023100,10시-0시30분,10시-00시30분,Y,N,N,N,Y,N,N,N,20221130
포차스미스,음식점/유흥시설,동남아시아음식,베트남,인천광역시,부평구,부평동,,155-21 번지,경원대로1403번길,20-1,37.492301,126.725642,21395,인천광역시 부평구 경원대로1403번길 20-1,인천광역시 부평구 부평동  155-21,0325235767,,,Y,N,N,N,Y,N,N,N,20221130
포차이,음식점/유흥시설,동남아시아음식,베트남,서울특별시,송파구,신천동,,7-26 번지,올림픽로35다길,32,37.515021,127.102046,5510,서울특별시 송파구 올림픽로35다길 32,서울특별시 송파구 신천동  7-26,024155515,11시-21시30분,11시-21시30분,N,N,N,N,Y,N,N,N,20221130
포첸하우스,음식점/유흥시설,동남아시아음식,베트남,서울특별시,관악구,봉천동,,952-11 번지,은천로,35,37.486377,126.939206,8717,서울특별시 관악구 은천로 35,서울특별시 관악구 봉천동  952-11,028759989,10시-22시,10시-22시,Y,N,N,N,Y,N,N,N,20221130
포친구,음식점/유흥시설,동남아시아음식,베트남,경기도,평택시,신장동,,316-14 번지,중앙시장로9번길,13,37.080378,127.051746,17758,경기도 평택시 중앙시장로9번길 13,경기도 평택시 신장동  316-14,0316647978,11시30분-20시,11시30분-20시,Y,N,N,N,Y,N,N,N,20221130
포카이,음식점/유흥시설,동남아시아음식,베트남,서울특별시,강남구,대치동,,507-1 번지,남부순환로,2942,37.493595,127.062414,6291,서울특별시 강남구 남부순환로 2942,서울특별시 강남구 대치동  507-1,025675956,,,N,N,N,N,Y,N,N,N,20221130
포카츠,음식점/유흥시설,동남아시아음식,베트남,강원도,삼척시,갈천동,,49-7 번지,새천년도로,601-59,37.465384,129.165023,25909,강원도 삼척시 새천년도로 601-59,강원도 삼척시 갈천동  49-7,050713212367,11시-15시,11시-15시,N,N,N,N,Y,N,N,N,20221130
포카페,음식점/유흥시설,동남아시아음식,베트남,경기도,광주시,태전동,,282-1 번지,태중로,20,37.393378,127.227547,12781,경기도 광주시 태중로 20,경기도 광주시 태전동  282-1,0317619821,11시-21시,11시-21시,Y,N,N,N,Y,N,N,N,20221130
포케올데이,음식점/유흥시설,북미음식,하와이,경기도,광명시,일직동,,513 번지,양지로,16,37.415805,126.88153,14346,경기도 광명시 양지로 16,경기도 광명시 일직동  513,028986396,10시30분-20시30분,10시30분-20시30분,N,N,N,N,Y,N,N,N,20221130
포코,음식점/유흥시설,동남아시아음식,베트남,전라북도,전주시 덕진구,덕진동1가,,1266-3 번지,명륜4길,10-4,35.84251,127.126772,54898,전라북도 전주시 덕진구 명륜4길 10-4,전라북도 전주시 덕진구 덕진동1가  1266-3,0632538999,11시-24시,11시-24시,Y,N,N,N,Y,N,N,N,20221130
포코아포코,음식점/유흥시설,유럽음식,이탈리아,광주광역시,서구,금호동,,195-9 번지,화개중앙로114번길,26,35.127196,126.853895,62012,광주광역시 서구 화개중앙로114번길 26,광주광역시 서구 금호동  195-9,050713808361,11시30분-23시,11시30분-23시,N,N,N,N,Y,N,N,N,20221130
포코포코,음식점/유흥시설,유럽음식,이탈리아,전라북도,전주시 덕진구,우아동1가,,742-8 번지,아중호수길,98,35.820522,127.17475,55031,전라북도 전주시 덕진구 아중호수길 98,전라북도 전주시 덕진구 우아동1가  742-8,0632458789,10시-21시,10시-21시,N,N,N,N,Y,N,N,N,20221130
포쿡,음식점/유흥시설,유럽음식,이탈리아,부산광역시,기장군,정관읍,모전리,776 번지,정관3로,23,35.329611,129.167486,46010,부산광역시 기장군 정관3로 23,부산광역시 기장군 정관읍 모전리 776,0517281472,,,Y,N,N,N,Y,N,N,N,20221130
포크너,음식점/유흥시설,유럽음식,이탈리아,경기도,안산시 단원구,고잔동,,535-3 번지,예술대학로,11,37.318151,126.836529,15360,경기도 안산시 단원구 예술대학로 11,경기도 안산시 단원구 고잔동  535-3,050713884752,11시-22시,11시-22시,N,N,N,N,Y,N,N,N,20221130
포크너,음식점/유흥시설,유럽음식,이탈리아,경기도,안산시 단원구,고잔동,,771 번지,광덕대로,168,37.311289,126.830828,15470,경기도 안산시 단원구 광덕대로 168,경기도 안산시 단원구 고잔동  771,07077174752,12시-22시,12시-22시,N,N,N,N,Y,N,N,N,20221130
포킹,음식점/유흥시설,동남아시아음식,베트남,경기도,수원시 팔달구,화서동,,97-1 번지,동말로,72,37.278571,127.00208,16441,경기도 수원시 팔달구 동말로 72,경기도 수원시 팔달구 화서동  97-1,050714908771,10시-22시,10시-22시,N,N,N,N,Y,N,N,N,20221130
포타이,음식점/유흥시설,동남아시아음식,태국,서울특별시,서초구,반포동,,19-3 번지,신반포로,176,37.504531,127.004475,6546,서울특별시 서초구 신반포로 176,서울특별시 서초구 반포동  19-3,,,,N,N,N,N,Y,N,N,N,20221130
포타이,음식점/유흥시설,동남아시아음식,태국,서울특별시,은평구,대조동,,240 번지,불광로,20,37.60978,126.928802,3397,서울특별시 은평구 불광로 20,서울특별시 은평구 대조동  240,,,,Y,N,N,N,Y,N,N,N,20221130
포타이,음식점/유흥시설,동남아시아음식,인도,서울특별시,중구,충무로1가,,52-5 번지,소공로,63,37.560943,126.981117,4530,서울특별시 중구 소공로 63,서울특별시 중구 충무로1가  52-5,023105043,10시30분-21시,10시30분-21시,N,N,N,N,Y,N,N,N,20221130
포털라레스토랑,음식점/유흥시설,인도아시아음식,인도,서울특별시,종로구,관철동,,35-2 번지,청계천로,99,37.568418,126.988679,3191,서울특별시 종로구 청계천로 99,서울특별시 종로구 관철동  35-2,050714210094,11시-22시,11시-22시,N,N,N,N,Y,N,N,N,20221130
포텐,음식점/유흥시설,동남아시아음식,베트남,경기도,고양시 일산서구,대화동,,2606 번지,한류월드로,300,37.664583,126.754559,10392,경기도 고양시 일산서구 한류월드로 300,경기도 고양시 일산서구 대화동  2606,050713093584,11시-20시,11시-20시,N,N,N,N,Y,N,N,N,20221130
포트리스,음식점/유흥시설,동남아시아음식,베트남,경상남도,창원시 진해구,용원동,,1343-11 번지,신항4로,41-34,35.087204,128.814538,51611,경상남도 창원시 진해구 신항4로 41-34,경상남도 창원시 진해구 용원동  1343-11,,10시-20시,10시-20시,N,N,N,N,Y,N,N,N,20221130
포트리스,음식점/유흥시설,동남아시아음식,베트남,서울특별시,금천구,가산동,,50-3 번지,벚꽃로,298,37.481436,126.883865,8510,서울특별시 금천구 벚꽃로 298,서울특별시 금천구 가산동  50-3,,11시-20시,11시-20시,N,N,N,N,Y,N,N,N,20221130
포트리스,음식점/유흥시설,동남아시아음식,베트남,인천광역시,동구,화수동,,8-3 번지,제물량로,430,37.485043,126.629168,22512,인천광역시 동구 제물량로 430,인천광역시 동구 화수동  8-3,050713586307,11시-21시,11시-21시,N,N,N,N,Y,N,N,N,20221130
포트리스,음식점/유흥시설,동남아시아음식,베트남,인천광역시,서구,청라동,,157-1 번지,청라커낼로288번길,10,37.533873,126.645666,22762,인천광역시 서구 청라커낼로288번길 10,인천광역시 서구 청라동  157-1,050714301176,11시-21시,11시-21시,N,N,N,N,Y,N,N,N,20221130
포트리스베트남쌀국수,음식점/유흥시설,동남아시아음식,베트남,경기도,시흥시,대야동,,577-1 번지,은행로167번길,7,37.44524,126.797906,14914,경기도 시흥시 은행로167번길 7,경기도 시흥시 대야동  577-1,,10시30분-21시,10시30분-21시,Y,N,N,N,Y,N,N,N,20221130
포트리스베트남쌀국수,음식점/유흥시설,동남아시아음식,베트남,경기도,시흥시,장현동,,537-5 번지,새재로7번길,15,37.381131,126.8001,14998,경기도 시흥시 새재로7번길 15,경기도 시흥시 장현동  537-5,050713972252,10시-21시,10시-21시,Y,N,N,N,Y,N,N,N,20221130
포트리스베트남쌀국수,음식점/유흥시설,동남아시아음식,베트남,경기도,용인시 수지구,풍덕천동,,708-2 번지,풍덕천로129번길,16-6,37.324675,127.095594,16837,경기도 용인시 수지구 풍덕천로129번길 16-6,경기도 용인시 수지구 풍덕천동  708-2,050713260608,10시30분-20시40분,10시30분-20시40분,Y,N,N,N,Y,N,N,N,20221130
포트리스베트남쌀국수,음식점/유흥시설,동남아시아음식,베트남,인천광역시,남동구,논현동,,747-1 번지,논고개로,61,37.397518,126.727492,21679,인천광역시 남동구 논고개로 61,인천광역시 남동구 논현동  747-1,0324220089,10시-22시,10시-22시,N,N,N,N,Y,N,N,N,20221130
포트리스쌀국수,음식점/유흥시설,동남아시아음식,베트남,서울특별시,금천구,시흥동,,267-22 번지,금하로,762-1,37.449873,126.914468,8645,서울특별시 금천구 금하로 762-1,서울특별시 금천구 시흥동  267-22,050713450193,10시30분-21시30분,10시30분-21시30분,N,N,N,N,Y,N,N,N,20221130
포트리스쌀국수,음식점/유흥시설,동남아시아음식,베트남,충청남도,태안군,태안읍,동문리,321-21 번지,중앙로,119,36.751837,126.301683,32141,충청남도 태안군 중앙로 119,충청남도 태안군 태안읍 동문리 321-21,05068272305,11시30분-20시,11시30분-20시,Y,N,N,N,Y,N,N,N,20221130
포트리스플러스,음식점/유흥시설,동남아시아음식,베트남,경기도,안양시 만안구,안양동,,782-18 번지,병목안로,20,37.398955,126.918372,14001,경기도 안양시 만안구 병목안로 20,경기도 안양시 만안구 안양동  782-18,050713689301,11시-21시,11시-21시,N,N,N,N,Y,N,N,N,20221130
포트타운다이닝,음식점/유흥시설,유럽음식,이탈리아,전라남도,여수시,웅천동,,1875-1 번지,웅천남4로,17,34.742735,127.672148,59792,전라남도 여수시 웅천남4로 17,전라남도 여수시 웅천동  1875-1,0619225710,11시-21시30분,11시-21시30분,N,N,N,N,Y,N,N,N,20221130
포티엔,음식점/유흥시설,동남아시아음식,베트남,서울특별시,송파구,거여동,,21-12 번지,오금로59길,3-11,37.494053,127.143319,5744,서울특별시 송파구 오금로59길 3-11,서울특별시 송파구 거여동  21-12,024005770,11시-21시,11시-21시,Y,N,N,N,Y,N,N,N,20221130
포포,음식점/유흥시설,동남아시아음식,베트남,경기도,수원시 영통구,매탄동,,1156-8 번지,효원로366번길,6,37.258884,127.041399,16546,경기도 수원시 영통구 효원로366번길 6,경기도 수원시 영통구 매탄동  1156-8,0312353301,,,Y,N,N,N,Y,N,N,N,20221130
포포,음식점/유흥시설,동남아시아음식,베트남,경기도,수원시 영통구,영통동,,1019-12 번지,매영로415번길,42-16,37.248865,127.078867,16705,경기도 수원시 영통구 매영로415번길 42-16,경기도 수원시 영통구 영통동  1019-12,0312022345,10시-22시,10시-22시,Y,N,N,N,Y,N,N,N,20221130
포포인,음식점/유흥시설,동남아시아음식,베트남,서울특별시,관악구,신림동,,산56-1 번지,관악로,1,37.466806,126.953466,8826,서울특별시 관악구 관악로 1,서울특별시 관악구 신림동  산56-1,050714125060,10시30분-20시30분,10시30분-20시30분,N,N,N,N,Y,N,N,N,20221130
포포타이,음식점/유흥시설,동남아시아음식,인도,경상남도,양산시,물금읍,가촌리,1293-2 번지,야리1길,22,35.310874,129.008304,50653,경상남도 양산시 야리1길 22,경상남도 양산시 물금읍 가촌리 1293-2,0553841577,,,N,N,N,N,Y,N,N,N,20221130
포포포,음식점/유흥시설,동남아시아음식,베트남,경기도,평택시,서정동,,810-8 번지,이충로,116,37.064456,127.064327,17733,경기도 평택시 이충로 116,경기도 평택시 서정동  810-8,050714252589,10시-20시,10시-20시,N,N,N,N,Y,N,N,N,20221130
포프롬나드,음식점/유흥시설,동남아시아음식,베트남,서울특별시,서초구,서초동,,1427-19 번지,남부순환로331길,12,37.483087,127.018727,6725,서울특별시 서초구 남부순환로331길 12,서울특별시 서초구 서초동  1427-19,0234777420,11시-21시,11시-21시,N,N,N,N,Y,N,N,N,20221130
포플러스,음식점/유흥시설,동남아시아음식,베트남,경기도,광명시,일직동,,506-1 번지,일직로,79,37.420676,126.890122,14354,경기도 광명시 일직로 79,경기도 광명시 일직동  506-1,028971316,10시30분-21시,10시30분-21시,N,N,N,N,Y,N,N,N,20221130
포플러스,음식점/유흥시설,동남아시아음식,베트남,경기도,군포시,산본동,,1026-10 번지,공단로,356-54,37.37383,126.943725,15808,경기도 군포시 공단로 356-54,경기도 군포시 산본동  1026-10,0314272115,10시30분-22시,10시30분-22시,Y,N,N,N,Y,N,N,N,20221130
포하노이,음식점/유흥시설,동남아시아음식,베트남,인천광역시,미추홀구,주안동,,238-1 번지,주안로,89,37.464365,126.679302,22132,인천광역시 미추홀구 주안로 89,인천광역시 미추홀구 주안동  238-1,,11시-22시,11시-22시,Y,N,N,N,Y,N,N,N,20221130
포하노이,음식점/유흥시설,동남아시아음식,베트남,제주특별자치도,제주시,애월읍,광령리,901-3 번지,광령중길,133-2,33.448568,126.436343,63062,제주특별자치도 제주시 광령중길 133-2,제주특별자치도 제주시 애월읍 광령리 901-3,,월-목 10시-21시,토-일 10시-21시,Y,N,N,N,Y,N,N,N,20221130
포하우스,음식점/유흥시설,동남아시아음식,베트남,서울특별시,용산구,이태원동,,64-56 번지,이태원로20길,2-12,37.53393,126.991556,4391,서울특별시 용산구 이태원로20길 2-12,서울특별시 용산구 이태원동  64-56,027935220,11시30분-21시,11시30분-21시,Y,N,N,N,Y,N,N,N,20221130
포하이,음식점/유흥시설,동남아시아음식,베트남,서울특별시,강남구,역삼동,,707-34 번지,테헤란로,322,37.502995,127.046577,6211,서울특별시 강남구 테헤란로 322,서울특별시 강남구 역삼동  707-34,0221831083,,,Y,N,N,N,Y,N,N,N,20221130
포하이퐁,음식점/유흥시설,동남아시아음식,베트남,서울특별시,송파구,방이동,,159-23 번지,가락로,265,37.51178,127.11899,5629,서울특별시 송파구 가락로 265,서울특별시 송파구 방이동  159-23,024188007,10시-21시,10시-21시,Y,N,N,N,Y,N,N,N,20221130
포하임,음식점/유흥시설,동남아시아음식,베트남,경기도,성남시 분당구,서현동,,248-5 번지,서현로210번길,20,37.385884,127.124047,13591,경기도 성남시 분당구 서현로210번길 20,경기도 성남시 분당구 서현동  248-5,0317064351,10시-22시,10시-22시,N,N,N,N,Y,N,N,N,20221130
포하임,음식점/유흥시설,동남아시아음식,베트남,서울특별시,강남구,대치동,,889-68 번지,선릉로86길,15,37.503587,127.050816,6192,서울특별시 강남구 선릉로86길 15,서울특별시 강남구 대치동  889-68,050713154351,11시-21시30분,11시-21시30분,N,N,N,N,Y,N,N,N,20221130
포하임,음식점/유흥시설,동남아시아음식,베트남,서울특별시,송파구,가락동,,79 번지,중대로,121,37.49421,127.121291,5718,서울특별시 송파구 중대로 121,서울특별시 송파구 가락동  79,024095982,10시-22시,10시-22시,N,N,N,N,Y,N,N,N,20221130
포한끼,음식점/유흥시설,동남아시아음식,베트남,경기도,수원시 영통구,영통동,,1016-2 번지,영일로,16-4,37.24885,127.076347,16705,경기도 수원시 영통구 영일로 16-4,경기도 수원시 영통구 영통동  1016-2,050713413552,11시-21시,11시-21시,Y,N,N,N,Y,N,N,N,20221130
포호아,음식점/유흥시설,동남아시아음식,베트남,경기도,남양주시,별내동,,949-3 번지,두물로27번길,24-7,37.658143,127.126811,12105,경기도 남양주시 두물로27번길 24-7,경기도 남양주시 별내동  949-3,050714158420,11시-21시30분,11시-21시30분,Y,N,N,N,Y,N,N,N,20221130
포호아,음식점/유흥시설,동남아시아음식,베트남,경기도,안산시 상록구,성포동,,590 번지,항가울로,422,37.317781,126.846605,15299,경기도 안산시 상록구 항가울로 422,경기도 안산시 상록구 성포동  590,0314855535,,,N,N,N,N,Y,N,N,N,20221130
포혼,음식점/유흥시설,동남아시아음식,베트남,경기도,고양시 덕양구,지축동,,0 번지,안진1길,6,37.647098,126.913003,10585,경기도 고양시 덕양구 안진1길 6,경기도 고양시 덕양구 지축동  0,050714900267,11시30분-21시,11시30분-21시,N,N,N,N,Y,N,N,N,20221130
포히엔,음식점/유흥시설,동남아시아음식,베트남,경기도,화성시,봉담읍,와우리,43-3 번지,와우안길,22,37.21447,126.978898,18323,경기도 화성시 와우안길 22,경기도 화성시 봉담읍 와우리 43-3,050713408236,10시-20시30분,10시-20시30분,Y,N,N,N,Y,N,N,N,20221130
폭폭타이,음식점/유흥시설,동남아시아음식,인도,경상북도,포항시 남구,효자동,,570-6 번지,효성로15번길,9-5,36.00715,129.335877,37836,경상북도 포항시 남구 효성로15번길 9-5,경상북도 포항시 남구 효자동  570-6,0542788842,11시30분-21시,11시30분-21시,Y,N,N,N,Y,N,N,N,20221130
폴라니포케,음식점/유흥시설,북미음식,하와이,경상남도,김해시,삼문동,,467-6 번지,삼문로59번길,6,35.194203,128.806946,51000,경상남도 김해시 삼문로59번길 6,경상남도 김해시 삼문동  467-6,0553237589,,,N,N,N,N,Y,N,N,N,20221130
폴베리,음식점/유흥시설,유럽음식,이탈리아,서울특별시,마포구,합정동,,437-9 번지,포은로,40,37.551081,126.907394,4021,서울특별시 마포구 포은로 40,서울특별시 마포구 합정동  437-9,050714280019,12시-15시,12시-15시,Y,N,N,N,Y,N,N,N,20221130
폴주니어,음식점/유흥시설,유럽음식,이탈리아,경기도,고양시 일산동구,장항동,,855 번지,정발산로,38,37.656758,126.77328,10403,경기도 고양시 일산동구 정발산로 38,경기도 고양시 일산동구 장항동  855,0319088077,12시-22시30분,12시-22시30분,N,N,N,N,Y,N,N,N,20221130
폴주니어,음식점/유흥시설,유럽음식,이탈리아,부산광역시,중구,중앙동7가,,20-1 번지,중앙대로,2,35.098159,129.036663,48944,부산광역시 중구 중앙대로 2,부산광역시 중구 중앙동7가  20-1,,,,N,N,N,N,Y,N,N,N,20221130
폴주니어,음식점/유흥시설,유럽음식,이탈리아,서울특별시,성북구,길음동,,20-1 번지,동소문로,315,37.608414,127.028871,2730,서울특별시 성북구 동소문로 315,서울특별시 성북구 길음동  20-1,0221171939,,,N,N,N,N,Y,N,N,N,20221130
폼드팡베이커리,음식점/유흥시설,인도아시아음식,인도,서울특별시,강남구,신사동,,515-8 번지,도산대로11길,11,37.518168,127.022411,6035,서울특별시 강남구 도산대로11길 11,서울특별시 강남구 신사동  515-8,025407026,09시-23시,09시-23시,N,N,N,N,Y,N,N,N,20221130
폽타이,음식점/유흥시설,동남아시아음식,인도,서울특별시,광진구,자양동,,605-3 번지,자양번영로6길,60,37.531561,127.078794,5099,서울특별시 광진구 자양번영로6길 60,서울특별시 광진구 자양동  605-3,024447112,11시30분-22시,11시30분-22시,Y,N,N,N,Y,N,N,N,20221130
퐁당와플,음식점/유흥시설,동남아시아음식,기타,경기도,성남시 중원구,성남동,,3824 번지,제일로35번길,7,37.430301,127.135943,13372,경기도 성남시 중원구 제일로35번길 7,경기도 성남시 중원구 성남동  3824,0317530717,,,Y,N,N,N,Y,N,N,N,20221130
푸껫,음식점/유흥시설,동남아시아음식,기타,경기도,화성시,향남읍,평리,81-72 번지,삼천병마로,210,37.131702,126.910715,18592,경기도 화성시 삼천병마로 210,경기도 화성시 향남읍 평리 81-72,0313525289,10시-22시,10시-22시,Y,N,N,N,Y,N,N,N,20221130
푸드 더즈매터,음식점/유흥시설,북미음식,미국,서울특별시,서초구,반포동,,97-5 번지,서래로1길,10,37.496266,126.997626,6581,서울특별시 서초구 서래로1길 10,서울특별시 서초구 반포동 97-5,025933322,10시-22시,10시-22시,N,Y,N,N,Y,N,N,N,20221130
푸차이로오,음식점/유흥시설,동남아시아음식,기타,경상북도,구미시,원평동,,397-4 번지,금오산로22길,29,36.126769,128.33002,39302,경상북도 구미시 금오산로22길 29,경상북도 구미시 원평동  397-4,07075433544,11시30분-21시,11시30분-21시,N,N,N,N,Y,N,N,N,20221130
푸치니,음식점/유흥시설,유럽음식,이탈리아,경기도,성남시 분당구,운중동,,1033-2 번지,판교로25번길,6-3,37.389904,127.084631,13467,경기도 성남시 분당구 판교로25번길 6-3,경기도 성남시 분당구 운중동  1033-2,050714083398,11시30분-21시30분,11시30분-21시30분,Y,N,N,N,Y,N,N,N,20221130
푸코피제리아,음식점/유흥시설,유럽음식,이탈리아,경기도,시흥시,하중동,,874-6 번지,연성로,23,37.390713,126.806125,14976,경기도 시흥시 연성로 23,경기도 시흥시 하중동  874-6,0315098992,11시30분-21시,11시30분-21시,N,N,N,N,Y,N,N,N,20221130
푸키스,음식점/유흥시설,동남아시아음식,기타,부산광역시,수영구,민락동,,113-31 번지,민락수변로17번길,56,35.154216,129.127032,48281,부산광역시 수영구 민락수변로17번길 56,부산광역시 수영구 민락동  113-31,0517588806,11시-21시,11시-21시,N,N,N,N,Y,N,N,N,20221130
풀그라운드,음식점/유흥시설,유럽음식,이탈리아,서울특별시,중구,중림동,,325-1 번지,중림로,40,37.55776,126.967319,4502,서울특별시 중구 중림로 40,서울특별시 중구 중림동  325-1,023659233,11시30분-22시,11시30분-22시,N,N,N,N,Y,N,N,N,20221130
풀사이드228,음식점/유흥시설,유럽음식,이탈리아,인천광역시,연수구,송도동,,22-8 번지,해돋이로,157,37.394236,126.645696,22003,인천광역시 연수구 해돋이로 157,인천광역시 연수구 송도동  22-8,0328170000,11시-22시,11시-22시,N,N,N,N,Y,N,N,N,20221130
풀팬,음식점/유흥시설,유럽음식,이탈리아,서울특별시,강동구,천호동,,427-3 번지,올림픽로,660,37.540175,127.124572,5328,서울특별시 강동구 올림픽로 660,서울특별시 강동구 천호동  427-3,024891919,11시30분-22시,11시30분-22시,N,N,N,N,Y,N,N,N,20221130
품중가양꼬치훠궈,음식점/유흥시설,동아시아음식,중국,대구광역시,달성군,다사읍,세천리,1597-3 번지,세천로,116,35.873503,128.473783,42930,대구광역시 달성군 세천로 116,대구광역시 달성군 다사읍 세천리 1597-3,0535931717,11시-01시,11시-01시,N,N,N,N,Y,N,N,N,20221130
풍광,음식점/유흥시설,동남아시아음식,기타,경기도,안산시 단원구,초지동,,732-1 번지,광덕1로,62,37.308156,126.816299,15448,경기도 안산시 단원구 광덕1로 62,경기도 안산시 단원구 초지동  732-1,,,,N,N,N,N,Y,N,N,N,20221130
풍광쟈창차이 중앙점,음식점/유흥시설,동아시아음식,중국,경기도,안산시 단원구,고잔동,,534-3 번지,예술대학로,17,37.318676,126.836496,15360,경기도 안산시 단원구 예술대학로 17,경기도 안산시 단원구 고잔동  534-3,050713015948,11시30분-21시30분,11시30분-21시30분,Y,N,N,N,Y,N,N,N,20221130
풍미,음식점/유흥시설,동아시아음식,중국,인천광역시,중구,선린동,,32-1 번지,차이나타운로,54,37.474897,126.618542,22314,인천광역시 중구 차이나타운로 54,인천광역시 중구 선린동 32-1,0327722680,09시-21시,09시-21시,Y,N,N,N,Y,N,N,N,20221130
풍미마라탕훠궈,음식점/유흥시설,동아시아음식,중국,경기도,광명시,하안동,,34-8 번지,범안로,1045,37.462427,126.878842,14248,경기도 광명시 범안로 1045,경기도 광명시 하안동  34-8,050713163923,,,Y,N,N,N,Y,N,N,N,20221130
풍성마라탕마라향궈전문점,음식점/유흥시설,동아시아음식,중국,경기도,안산시 단원구,와동,,885 번지,와동로,125,37.340985,126.82448,15254,경기도 안산시 단원구 와동로 125,경기도 안산시 단원구 와동  885,0315072926,,,N,N,N,N,Y,N,N,N,20221130
프라이데이,음식점/유흥시설,동남아시아음식,기타,경기도,안산시 상록구,사동,,1191 번지,석호로,101,37.302319,126.847405,15580,경기도 안산시 상록구 석호로 101,경기도 안산시 상록구 사동  1191,0314172369,,,Y,N,N,N,Y,N,N,N,20221130
프랑스홍합집,음식점/유흥시설,유럽음식,프랑스,서울특별시,관악구,봉천동,,1604-1 번지,관악로14길,22,37.479004,126.953859,8788,서울특별시 관악구 관악로14길 22,서울특별시 관악구 봉천동  1604-1,050713151705,17시-23시30분,17시-23시30분,N,N,N,N,Y,N,N,N,20221130
프랭크버거,음식점/유흥시설,북미음식,미국,경기도,고양시 덕양구,행신동,,1081 번지,서정마을1로,2,37.619154,126.844869,10486,경기도 고양시 덕양구 서정마을1로 2,경기도 고양시 덕양구 행신동  1081,0319739736,10시30분-22시,10시30분-22시,Y,N,N,N,Y,N,N,N,20221130
프랭크버거,음식점/유흥시설,북미음식,미국,경상남도,창원시 성산구,상남동,,45-1 번지,동산로,122,35.21863,128.690588,51499,경상남도 창원시 성산구 동산로 122,경상남도 창원시 성산구 상남동  45-1,0552878233,11시-21시,11시-21시,N,N,N,N,Y,N,N,N,20221130
프랭크버거,음식점/유흥시설,북미음식,미국,서울특별시,노원구,상계동,,1262 번지,동일로,1689,37.679121,127.054951,1604,서울특별시 노원구 동일로 1689,서울특별시 노원구 상계동  1262,029317757,10시-23시30분,10시-23시30분,N,N,N,N,Y,N,N,N,20221130
프랭크버거,음식점/유흥시설,북미음식,미국,전라북도,익산시,영등동,,766-6 번지,고봉로30길,12,35.95607,126.971534,54643,전라북도 익산시 고봉로30길 12,전라북도 익산시 영등동  766-6,0638330552,11시-21시,11시-21시,N,N,N,N,Y,N,N,N,20221130
프렌즈클럽,음식점/유흥시설,유럽음식,이탈리아,부산광역시,부산진구,전포동,,202-6 번지,동성로87번길,29-1,35.158014,129.066686,47301,부산광역시 부산진구 동성로87번길 29-1,부산광역시 부산진구 전포동  202-6,,11시30분-22시,11시30분-22시,N,N,N,N,Y,N,N,N,20221130
프렌치딥,음식점/유흥시설,유럽음식,프랑스,대전광역시,유성구,지족동,,1094-2 번지,지족북로66번길,8,36.389018,127.306225,34070,대전광역시 유성구 지족북로66번길 8,대전광역시 유성구 지족동  1094-2,0423847004,11시30분-22시,11시30분-22시,Y,N,N,N,Y,N,N,N,20221130
프로방스레스토랑,음식점/유흥시설,유럽음식,이탈리아,경기도,안성시,죽산면,용설리,227 번지,용설호수길,126,37.054897,127.452387,17523,경기도 안성시 용설호수길 126,경기도 안성시 죽산면 용설리 227,0316769905,11시-22시,11시-22시,N,N,N,N,Y,N,N,N,20221130
프롬바이카카오하루,음식점/유흥시설,유럽음식,이탈리아,울산광역시,중구,태화동,,486-13 번지,태화강국가정원길,225,35.550877,129.299078,44456,울산광역시 중구 태화강국가정원길 225,울산광역시 중구 태화동  486-13,0522773222,11시-22시,11시-22시,N,N,N,N,Y,N,N,N,20221130
프롬하노이FROMHANOI,음식점/유흥시설,동남아시아음식,베트남,서울특별시,마포구,망원동,,57-187 번지,월드컵로13길,55-5,37.555051,126.907091,4014,서울특별시 마포구 월드컵로13길 55-5,서울특별시 마포구 망원동  57-187,050714370301,11시-21시,11시-21시,N,N,N,N,Y,N,N,N,20221130
프리마베라,음식점/유흥시설,유럽음식,이탈리아,경기도,용인시 처인구,김량장동,,296-53 번지,금령로,64,37.234649,127.203654,17051,경기도 용인시 처인구 금령로 64,경기도 용인시 처인구 김량장동  296-53,050714192273,11시30분-22시,11시30분-22시,N,N,N,N,Y,N,N,N,20221130
프리메로,음식점/유흥시설,남미음식,멕시코,대구광역시,북구,동천동,,955-1 번지,동암로12길,23,35.942916,128.556539,41422,대구광역시 북구 동암로12길 23,대구광역시 북구 동천동  955-1,0533268088,,,N,N,N,N,Y,N,N,N,20221130
프리모,음식점/유흥시설,유럽음식,이탈리아,부산광역시,부산진구,부암동,,80-60 번지,시민공원로19번길,24,35.164347,129.051778,47192,부산광역시 부산진구 시민공원로19번길 24,부산광역시 부산진구 부암동  80-60,0518022999,11시-02시,11시-02시,Y,N,N,N,Y,N,N,N,20221130
프리모라운지,음식점/유흥시설,유럽음식,이탈리아,서울특별시,강남구,신사동,,587-1 번지,도산대로,205,37.520572,127.028773,6026,서울특별시 강남구 도산대로 205,서울특별시 강남구 신사동  587-1,025411598,07시-22시,07시-22시,N,N,N,N,Y,N,N,N,20221130
프리모바치오바치,음식점/유흥시설,유럽음식,이탈리아,서울특별시,종로구,동숭동,,1-60 번지,대학로10길,5,37.581858,127.002569,3086,서울특별시 종로구 대학로10길 5,서울특별시 종로구 동숭동  1-60,050714010022,11시-23시,11시-23시,N,N,N,N,Y,N,N,N,20221130
프리모파스타,음식점/유흥시설,유럽음식,이탈리아,전라북도,익산시,모현동1가,,888 번지,배산로3길,52,35.946106,126.936053,54658,전라북도 익산시 배산로3길 52,전라북도 익산시 모현동1가  888,07046472218,11시-21시,11시-21시,N,N,N,N,Y,N,N,N,20221130
프리모파스타,음식점/유흥시설,유럽음식,이탈리아,전라북도,전주시 완산구,효자동3가,,1527-7 번지,홍산3길,7,35.818319,127.108208,54969,전라북도 전주시 완산구 홍산3길 7,전라북도 전주시 완산구 효자동3가  1527-7,0632256688,11시-23시,11시-23시,Y,N,N,N,Y,N,N,N,20221130
프릭스,음식점/유흥시설,동남아시아음식,기타,서울특별시,용산구,이태원동,,57-2 번지,이태원로,143-13,37.534587,126.989256,4351,서울특별시 용산구 이태원로 143-13,서울특별시 용산구 이태원동  57-2,,18시-04시,18시-04시,Y,N,N,N,Y,N,N,N,20221130
프릭타이,음식점/유흥시설,동남아시아음식,인도,경기도,이천시,사음동,,463-2 번지,경충대로,2963,37.294666,127.415177,17308,경기도 이천시 경충대로 2963,경기도 이천시 사음동  463-2,0316338253,11시-20시30분,11시-20시30분,N,N,N,N,Y,N,N,N,20221130
프안타이프드,음식점/유흥시설,동남아시아음식,태국,인천광역시,연수구,청학동,,495 번지,청명로17번길,10-22,37.418315,126.675802,21917,인천광역시 연수구 청명로17번길 10-22,인천광역시 연수구 청학동  495,,10시-22시,10시-22시,Y,N,N,N,Y,N,N,N,20221130
프엉쌀국수,음식점/유흥시설,동남아시아음식,베트남,서울특별시,용산구,이태원동,,118-40 번지,이태원로27가길,54-6,37.535198,126.992155,4350,서울특별시 용산구 이태원로27가길 54-6,서울특별시 용산구 이태원동  118-40,027942450,17시-22시,17시-22시,Y,N,N,N,Y,N,N,N,20221130
프엉호이안,음식점/유흥시설,동남아시아음식,베트남,서울특별시,서초구,반포동,,19-3 번지,신반포로,176,37.504627,127.004406,6546,서울특별시 서초구 신반포로 176,서울특별시 서초구 반포동  19-3,,,,N,N,N,N,Y,N,N,N,20221130
플라스틱소울,음식점/유흥시설,유럽음식,이탈리아,경기도,파주시,야당동,,222-1 번지,송학1길,139-1,37.714759,126.763635,10909,경기도 파주시 송학1길 139-1,경기도 파주시 야당동  222-1,0319461224,10시-21시,10시-21시,Y,N,N,N,Y,N,N,N,20221130
플라잉볼,음식점/유흥시설,유럽음식,이탈리아,경상남도,거제시,장평동,,1211 번지,장평로,12,34.890844,128.616209,53267,경상남도 거제시 장평로 12,경상남도 거제시 장평동  1211,050714530617,11시-21시,11시-21시,N,N,N,N,Y,N,N,N,20221130
플라잉볼,음식점/유흥시설,유럽음식,이탈리아,울산광역시,북구,화봉동,,522 번지,산업로,1103,35.592796,129.355776,44238,울산광역시 북구 산업로 1103,울산광역시 북구 화봉동  522,0522893202,,,N,N,N,N,Y,N,N,N,20221130
플라잉볼익스프레스,음식점/유흥시설,유럽음식,이탈리아,경기도,고양시 덕양구,동산동,,370 번지,고양대로,1955,37.647202,126.895743,10595,경기도 고양시 덕양구 고양대로 1955,경기도 고양시 덕양구 동산동  370,03151730053,,,N,N,N,N,Y,N,N,N,20221130
플라잉볼익스프레스,음식점/유흥시설,유럽음식,이탈리아,서울특별시,성동구,행당동,,110 번지,왕십리로,222,37.556467,127.043995,4763,서울특별시 성동구 왕십리로 222,서울특별시 성동구 행당동  110,,09시-19시30분,09시-19시30분,N,N,N,N,Y,N,N,N,20221130
플라잉볼익스프레스,음식점/유흥시설,유럽음식,이탈리아,전라남도,순천시,중앙동,,85-1 번지,중앙7길,6,34.955494,127.484673,57942,전라남도 순천시 중앙7길 6,전라남도 순천시 중앙동  85-1,050714240765,11시30분-21시,11시30분-21시,Y,N,N,N,Y,N,N,N,20221130
플라잉팬,음식점/유흥시설,유럽음식,이탈리아,대전광역시,중구,은행동,,153 번지,대종로,480,36.327539,127.426819,34921,대전광역시 중구 대종로 480,대전광역시 중구 은행동 153,050713294126,11시30분-21시,11시30분-21시,N,N,N,N,Y,N,N,N,20221130
플라츠21,음식점/유흥시설,유럽음식,이탈리아,서울특별시,마포구,염리동,,161-5 번지,독막로,291-5,37.545102,126.945728,4151,서울특별시 마포구 독막로 291-5,서울특별시 마포구 염리동  161-5,027072915,,,Y,N,N,N,Y,N,N,N,20221130
플랜에이,음식점/유흥시설,유럽음식,이탈리아,경상북도,포항시 남구,송도동,,254-349 번지,희망대로,1189,36.035417,129.379622,37733,경상북도 포항시 남구 희망대로 1189,경상북도 포항시 남구 송도동  254-349,0546129164,12시-21시30분,12시-21시30분,N,N,N,N,Y,N,N,N,20221130
플랜트,음식점/유흥시설,유럽음식,이탈리아,대구광역시,달서구,대곡동,,1038-2 번지,화암로,327,35.804253,128.519107,42768,대구광역시 달서구 화암로 327,대구광역시 달서구 대곡동  1038-2,0536355252,10시-24시,10시-24시,N,N,N,N,Y,N,N,N,20221130
플랩잭팬트리,음식점/유흥시설,유럽음식,이탈리아,경기도,성남시 분당구,판교동,,567-2 번지,서판교로44번길,17-11,37.391625,127.099585,13479,경기도 성남시 분당구 서판교로44번길 17-11,경기도 성남시 분당구 판교동  567-2,03180160168,10시30분-20시,10시30분-20시,Y,N,N,N,Y,N,N,N,20221130
플러스84,음식점/유흥시설,동남아시아음식,기타,서울특별시,종로구,관훈동,,106 번지,인사동16길,6,37.575027,126.984236,3146,서울특별시 종로구 인사동16길 6,서울특별시 종로구 관훈동  106,027351112,11시-22시30분,11시-22시30분,Y,N,N,N,Y,N,N,N,20221130
플러피,음식점/유흥시설,동남아시아음식,기타,서울특별시,영등포구,여의도동,,45-1 번지,국제금융로8길,31,37.51974,126.928057,7332,서울특별시 영등포구 국제금융로8길 31,서울특별시 영등포구 여의도동  45-1,0264845970,11시30분-22시,11시30분-22시,N,N,N,N,Y,N,N,N,20221130
플레이버타운,음식점/유흥시설,동남아시아음식,기타,서울특별시,성동구,성수동1가,,668-68 번지,서울숲4길,18-7,37.546984,127.042926,4768,서울특별시 성동구 서울숲4길 18-7,서울특별시 성동구 성수동1가  668-68,024699954,17시-22시,17시-22시,Y,N,N,N,Y,N,N,N,20221130
플레이트,음식점/유흥시설,유럽음식,이탈리아,대구광역시,수성구,상동,,619-14 번지,수성로,29,35.828055,128.610249,42201,대구광역시 수성구 수성로 29,대구광역시 수성구 상동  619-14,0537459425,12시-22시,12시-22시,Y,N,N,N,Y,N,N,N,20221130
플로레스,음식점/유흥시설,유럽음식,이탈리아,울산광역시,울주군,온산읍,강양리,88 번지,강양길,121-2,35.390898,129.34643,45008,울산광역시 울주군 강양길 121-2,울산광역시 울주군 온산읍 강양리 88,0522390386,11시30분-22시30분,11시30분-22시30분,N,N,N,N,Y,N,N,N,20221130
플로어,음식점/유흥시설,동남아시아음식,기타,서울특별시,용산구,한남동,,743-29 번지,이태원로49길,24-14,37.537425,126.999639,4348,서울특별시 용산구 이태원로49길 24-14,서울특별시 용산구 한남동  743-29,07041158557,11시30분-20시,11시30분-20시,Y,N,N,N,Y,N,N,N,20221130
플로우스,음식점/유흥시설,동남아시아음식,기타,제주특별자치도,서귀포시,상예동,,592-1 번지,예래해안로,550,33.255636,126.401745,63536,제주특별자치도 서귀포시 예래해안로 550,제주특별자치도 서귀포시 상예동  592-1,050714316911,18시-24시,18시-24시,N,N,N,N,Y,N,N,N,20221130
플록,음식점/유흥시설,동남아시아음식,기타,서울특별시,광진구,자양동,,769-12 번지,자양로19길,8,37.539271,127.082711,5026,서울특별시 광진구 자양로19길 8,서울특별시 광진구 자양동  769-12,050714677701,17시30분-22시,17시30분-22시,Y,N,N,N,Y,N,N,N,20221130
플린트,음식점/유흥시설,유럽음식,이탈리아,서울특별시,영등포구,여의도동,,45-1 번지,국제금융로8길,31,37.519765,126.928097,7332,서울특별시 영등포구 국제금융로8길 31,서울특별시 영등포구 여의도동  45-1,,,,N,N,N,N,Y,N,N,N,20221130
피글릿,음식점/유흥시설,유럽음식,이탈리아,경기도,성남시 분당구,야탑동,,757 번지,성남대로,808,37.402234,127.12994,13514,경기도 성남시 분당구 성남대로 808,경기도 성남시 분당구 야탑동  757,0317021202,11시-20시,11시-20시,N,N,N,N,Y,N,N,N,20221130
피넘타이,음식점/유흥시설,동남아시아음식,태국,서울특별시,서초구,서초동,,1359-46 번지,남부순환로347길,53,37.486645,127.030903,6731,서울특별시 서초구 남부순환로347길 53,서울특별시 서초구 서초동  1359-46,050713827983,11시-21시,11시-21시,N,N,N,N,Y,N,N,N,20221130
피노키오빌리지,음식점/유흥시설,유럽음식,이탈리아,경기도,남양주시,수동면,입석리,540-34 번지,비룡로,916-41,37.718175,127.319537,12029,경기도 남양주시 비룡로 916-41,경기도 남양주시 수동면 입석리 540-34,0315910008,11시-20시,11시-20시,N,N,N,N,Y,N,N,N,20221130
피닉스,음식점/유흥시설,동남아시아음식,기타,서울특별시,용산구,이태원동,,34-29 번지,녹사평대로32길,22,37.533436,126.990034,4390,서울특별시 용산구 녹사평대로32길 22,서울특별시 용산구 이태원동  34-29,050713865996,11시30분-21시,11시30분-21시,Y,N,N,N,Y,N,N,N,20221130
피렌체48ST,음식점/유흥시설,유럽음식,이탈리아,경상남도,창원시 성산구,대방동,,351-4 번지,대암로,157,35.211892,128.710415,51469,경상남도 창원시 성산구 대암로 157,경상남도 창원시 성산구 대방동  351-4,0552897048,11시30분-21시30분,11시30분-21시30분,N,N,N,N,Y,N,N,N,20221130
피렌체테이블,음식점/유흥시설,유럽음식,이탈리아,경기도,남양주시,별내동,,1060 번지,별내중앙로,84,37.648841,127.122356,12111,경기도 남양주시 별내중앙로 84,경기도 남양주시 별내동  1060,050714195477,09시30분-23시30분,09시30분-23시30분,N,N,N,N,Y,N,N,N,20221130
피비앤제이,음식점/유흥시설,동남아시아음식,기타,서울특별시,용산구,용산동2가,,1-39 번지,소월로20길,22,37.54555,126.98524,4337,서울특별시 용산구 소월로20길 22,서울특별시 용산구 용산동2가  1-39,050713632417,12시-21시,12시-21시,Y,N,N,N,Y,N,N,N,20221130
피셔맨스키친,음식점/유흥시설,유럽음식,이탈리아,경기도,의정부시,민락동,,817-1 번지,오목로225번길,84,37.747125,127.095375,11813,경기도 의정부시 오목로225번길 84,경기도 의정부시 민락동  817-1,050713778687,11시30분-21시30분,11시30분-21시30분,N,N,N,N,Y,N,N,N,20221130
피셔맨스키친,음식점/유흥시설,유럽음식,이탈리아,경기도,파주시,목동동,,1110 번지,심학산로423번길,30,37.719676,126.738654,10900,경기도 파주시 심학산로423번길 30,경기도 파주시 목동동  1110,050713655969,11시30분-21시,11시30분-21시,N,N,N,N,Y,N,N,N,20221130
피슈마라홍탕,음식점/유흥시설,동아시아음식,중국,광주광역시,동구,동명동,,118-19 번지,필문대로,271,35.14703,126.92803,61448,광주광역시 동구 필문대로 271,광주광역시 동구 동명동  118-19,050714458044,11시-21시,11시-21시,Y,N,N,N,Y,N,N,N,20221130
피스메이커,음식점/유흥시설,동남아시아음식,기타,서울특별시,광진구,화양동,,113-1 번지,능동로19길,35,37.547065,127.071845,5009,서울특별시 광진구 능동로19길 35,서울특별시 광진구 화양동  113-1,07046472933,11시-23시30분,11시-23시30분,N,N,N,N,Y,N,N,N,20221130
피아노,음식점/유흥시설,유럽음식,이탈리아,강원도,동해시,망상동,,393-36 번지,동해대로,6270-18,37.592637,129.090796,25700,강원도 동해시 동해대로 6270-18,강원도 동해시 망상동  393-36,0335343666,11시30분-21시,11시30분-21시,Y,N,N,N,Y,N,N,N,20221130
피앤타,음식점/유흥시설,유럽음식,이탈리아,광주광역시,광산구,산정동,,832 번지,용아로400번길,30,35.17798,126.80646,62331,광주광역시 광산구 용아로400번길 30,광주광역시 광산구 산정동  832,050714819557,11시30분-22시,11시30분-22시,N,N,N,N,Y,N,N,N,20221130
피에르가니에르서울,음식점/유흥시설,유럽음식,프랑스,서울특별시,중구,소공동,,1 번지,을지로,30,37.565265,126.980968,4533,서울특별시 중구 을지로 30,서울특별시 중구 소공동  1,023177181,12시-22시,12시-22시,N,N,N,N,Y,N,N,N,20221130
피에프창,음식점/유흥시설,동아시아음식,중국,경기도,용인시 수지구,죽전동,,1285 번지,포은대로,536,37.325049,127.108112,16896,경기도 용인시 수지구 포은대로 536,경기도 용인시 수지구 죽전동  1285,0316951959,11시-21시30분,11시-21시30분,N,N,N,N,Y,N,N,N,20221130
피에프창,음식점/유흥시설,동아시아음식,중국,대구광역시,동구,신천동,,1506 번지,동부로,149,35.877698,128.628701,41229,대구광역시 동구 동부로 149,대구광역시 동구 신천동  1506,0536616873,11시-21시30분,11시-21시30분,N,N,N,N,Y,N,N,N,20221130
피에프창,음식점/유흥시설,동아시아음식,중국,부산광역시,해운대구,우동,,1493 번지,센텀4로,15,35.169827,129.128242,48058,부산광역시 해운대구 센텀4로 15,부산광역시 해운대구 우동  1493,0517451699,11시-21시,11시-21시,N,N,N,N,Y,N,N,N,20221130
피에프창,음식점/유흥시설,동아시아음식,중국,서울특별시,강남구,삼성동,,159 번지,영동대로,517,37.513277,127.059705,6164,서울특별시 강남구 영동대로 517,서울특별시 강남구 삼성동  159,025514588,11시-22시,11시-22시,N,N,N,N,Y,N,N,N,20221130
피에프창,음식점/유흥시설,동아시아음식,중국,서울특별시,송파구,신천동,,29 번지,올림픽로,300,37.513473,127.103445,5551,서울특별시 송파구 올림픽로 300,서울특별시 송파구 신천동  29,0232134599,10시30분-22시,10시30분-22시,N,N,N,N,Y,N,N,N,20221130
피에프창,음식점/유흥시설,동아시아음식,중국,서울특별시,영등포구,영등포동4가,,442 번지,영중로,15,37.517705,126.902805,7305,서울특별시 영등포구 영중로 15,서울특별시 영등포구 영등포동4가  442,0220682488,11시-22시,11시-22시,N,N,N,N,Y,N,N,N,20221130
피에프창,음식점/유흥시설,동아시아음식,중국,인천광역시,연수구,송도동,,174-3 번지,송도과학로16번길,33-2,37.380484,126.660207,21984,인천광역시 연수구 송도과학로16번길 33-2,인천광역시 연수구 송도동  174-3,0323109488,09시-21시,09시-21시,N,N,N,N,Y,N,N,N,20221130
피오렌떼,음식점/유흥시설,유럽음식,이탈리아,경기도,김포시,장기동,,2080-2 번지,태장로,820,37.636937,126.676982,10089,경기도 김포시 태장로 820,경기도 김포시 장기동  2080-2,0319875550,11시-22시,11시-22시,N,N,N,N,Y,N,N,N,20221130
피오르달리조,음식점/유흥시설,유럽음식,이탈리아,경상북도,안동시,송천동,,887 번지,송천2길,72-29,36.543648,128.793846,36728,경상북도 안동시 송천2길 72-29,경상북도 안동시 송천동  887,0548238778,11시30분-22시,11시30분-22시,N,N,N,N,Y,N,N,N,20221130
피오르달리조,음식점/유흥시설,유럽음식,이탈리아,경상북도,안동시,옥동,,984-2 번지,옥동2길,20,36.559652,128.700132,36664,경상북도 안동시 옥동2길 20,경상북도 안동시 옥동  984-2,0548438779,11시-22시,11시-22시,N,N,N,N,Y,N,N,N,20221130
피자알레,음식점/유흥시설,유럽음식,이탈리아,경기도,성남시 분당구,정자동,,134-9 번지,내정로11번길,6-3,37.36141,127.113922,13612,경기도 성남시 분당구 내정로11번길 6-3,경기도 성남시 분당구 정자동  134-9,050713960530,11시-22시30분,11시-22시30분,Y,N,N,N,Y,N,N,N,20221130
피제리아614,음식점/유흥시설,유럽음식,이탈리아,대전광역시,유성구,덕명동,,산27 번지,수통골로,47,36.345061,127.288177,34154,대전광역시 유성구 수통골로 47,대전광역시 유성구 덕명동  산27,0428257575,11시-21시,11시-21시,N,N,N,N,Y,N,N,N,20221130
피제리아다븟,음식점/유흥시설,유럽음식,이탈리아,서울특별시,송파구,석촌동,,60-16 번지,백제고분로36길,30,37.503157,127.100521,5614,서울특별시 송파구 백제고분로36길 30,서울특별시 송파구 석촌동  60-16,024230556,11시30분-21시,11시30분-21시,N,N,N,N,Y,N,N,N,20221130
피제리아라고,음식점/유흥시설,유럽음식,이탈리아,서울특별시,송파구,송파동,,9-9 번지,백제고분로41길,39,37.508965,127.105895,5624,서울특별시 송파구 백제고분로41길 39,서울특별시 송파구 송파동  9-9,050714348588,11시30분-22시,11시30분-22시,Y,N,N,N,Y,N,N,N,20221130
피제리아부부,음식점/유흥시설,유럽음식,이탈리아,경상남도,창원시 마산회원구,양덕동,,96-1 번지,양덕북18길,29,35.236527,128.583662,51361,경상남도 창원시 마산회원구 양덕북18길 29,경상남도 창원시 마산회원구 양덕동  96-1,,11시30분-22시,11시30분-22시,Y,N,N,N,Y,N,N,N,20221130
피콜로레스토랑,음식점/유흥시설,유럽음식,이탈리아,충청남도,천안시 서북구,불당동,,1487 번지,불당25로,192,36.81829,127.108957,31156,충청남도 천안시 서북구 불당25로 192,충청남도 천안시 서북구 불당동  1487,0415552799,11시-21시,11시-21시,Y,N,N,N,Y,N,N,N,20221130
피클,음식점/유흥시설,유럽음식,이탈리아,경상북도,경주시,노동동,,47 번지,중앙로16번길,5-3,35.841247,129.212209,38158,경상북도 경주시 중앙로16번길 5-3,경상북도 경주시 노동동  47,0547421188,11시-22시,11시-22시,Y,N,N,N,Y,N,N,N,20221130
피클피클익스프레스,음식점/유흥시설,동남아시아음식,기타,서울특별시,중구,을지로6가,,18-37 번지,을지로43길,38,37.567709,127.007759,4564,서울특별시 중구 을지로43길 38,서울특별시 중구 을지로6가  18-37,050713255655,11시30분-22시,11시30분-22시,N,N,N,N,Y,N,N,N,20221130
피클피클장충,음식점/유흥시설,동남아시아음식,기타,서울특별시,중구,신당동,,827-1 번지,동호로17나길,5,37.554511,127.005499,4604,서울특별시 중구 동호로17나길 5,서울특별시 중구 신당동  827-1,050713206836,11시30분-22시,11시30분-22시,Y,N,N,N,Y,N,N,N,20221130
피플스비스트로,음식점/유흥시설,유럽음식,이탈리아,서울특별시,중구,필동2가,,66 번지,퇴계로44길,34,37.56059,126.996663,4624,서울특별시 중구 퇴계로44길 34,서울특별시 중구 필동2가  66,0222633022,,,Y,N,N,N,Y,N,N,N,20221130
핀스코너,음식점/유흥시설,동남아시아음식,기타,서울특별시,서대문구,냉천동,,184-25 번지,통일로9안길,20-7,37.566298,126.965055,3735,서울특별시 서대문구 통일로9안길 20-7,서울특별시 서대문구 냉천동  184-25,023654858,,,Y,N,N,N,Y,N,N,N,20221130
핀초,음식점/유흥시설,동남아시아음식,기타,서울특별시,영등포구,문래동3가,,58-57 번지,도림로,436,37.514518,126.894784,7299,서울특별시 영등포구 도림로 436,서울특별시 영등포구 문래동3가  58-57,050714965623,18시-22시,18시-22시,Y,N,N,N,Y,N,N,N,20221130
필가이즈,음식점/유흥시설,동남아시아음식,기타,서울특별시,금천구,시흥동,,985 번지,시흥대로39길,16,37.447288,126.902301,8638,서울특별시 금천구 시흥대로39길 16,서울특별시 금천구 시흥동  985,050713666663,,,Y,N,N,N,Y,N,N,N,20221130
필동이태리식당,음식점/유흥시설,유럽음식,이탈리아,서울특별시,중구,필동2가,,17-7 번지,퇴계로36길,27,37.560607,126.994914,4625,서울특별시 중구 퇴계로36길 27,서울특별시 중구 필동2가  17-7,0222720486,11시30분-21시,11시30분-21시,Y,N,N,N,Y,N,N,N,20221130
필라프에빠지다,음식점/유흥시설,유럽음식,이탈리아,경기도,안산시 상록구,사동,,1201-11 번지,서암로4길,13,37.302846,126.851473,15581,경기도 안산시 상록구 서암로4길 13,경기도 안산시 상록구 사동  1201-11,07077982172,,,Y,N,N,N,Y,N,N,N,20221130
필리페페,음식점/유흥시설,유럽음식,이탈리아,서울특별시,영등포구,여의도동,,17 번지,의사당대로,38,37.525556,126.91827,7236,서울특별시 영등포구 의사당대로 38,서울특별시 영등포구 여의도동  17,027617334,,,N,N,N,N,Y,N,N,N,20221130
필립테이블,음식점/유흥시설,유럽음식,이탈리아,경기도,고양시 덕양구,벽제동,,213-5 번지,호국로,1702-2,37.702875,126.905245,10269,경기도 고양시 덕양구 호국로 1702-2,경기도 고양시 덕양구 벽제동  213-5,050713085063,11시-22시,11시-22시,Y,N,N,N,Y,N,N,N,20221130
핏제리아도우BYPPK,음식점/유흥시설,유럽음식,이탈리아,경기도,수원시 영통구,영통동,,1030-4 번지,반달로,84,37.251669,127.079222,16705,경기도 수원시 영통구 반달로 84,경기도 수원시 영통구 영통동  1030-4,0318912855,11시-22시,11시-22시,N,N,N,N,Y,N,N,N,20221130
핏제리아라따,음식점/유흥시설,유럽음식,이탈리아,경기도,의왕시,학의동,,632-22 번지,백운로,393,37.374288,127.003254,16016,경기도 의왕시 백운로 393,경기도 의왕시 학의동  632-22,050713487220,11시30분-22시,11시30분-22시,N,N,N,N,Y,N,N,N,20221130
핏제리아루카,음식점/유흥시설,유럽음식,이탈리아,경기도,양평군,용문면,조현리,497-4 번지,용문산로,234,37.51805,127.601653,12511,경기도 양평군 용문산로 234,경기도 양평군 용문면 조현리 497-4,0317723589,11시-20시30분,11시-20시30분,N,N,N,N,Y,N,N,N,20221130
핏제리아마노,음식점/유흥시설,유럽음식,이탈리아,제주특별자치도,제주시,외도일동,,643-11 번지,우령6길,75-2,33.484437,126.429187,63069,제주특별자치도 제주시 우령6길 75-2,제주특별자치도 제주시 외도일동  643-11,0647427987,,,Y,N,N,N,Y,N,N,N,20221130
핏제리아스텔라1010,음식점/유흥시설,유럽음식,이탈리아,제주특별자치도,제주시,이도이동,,1010-1 번지,중앙로,254,33.49728,126.531186,63206,제주특별자치도 제주시 중앙로 254,제주특별자치도 제주시 이도이동  1010-1,0647256887,,,N,N,N,N,Y,N,N,N,20221130
하노이,음식점/유흥시설,동남아시아음식,베트남,강원도,강릉시,주문진읍,교항리,217-3 번지,중앙골목길,19,37.889889,128.825355,25414,강원도 강릉시 중앙골목길 19,강원도 강릉시 주문진읍 교항리 217-3,050714099971,,,Y,N,N,N,Y,N,N,N,20221130
하노이,음식점/유흥시설,동남아시아음식,베트남,인천광역시,남동구,구월동,,1140 번지,미래로,42,37.453747,126.705806,21555,인천광역시 남동구 미래로 42,인천광역시 남동구 구월동  1140,0324212904,11시-21시,11시-21시,N,N,N,N,Y,N,N,N,20221130
하노이,음식점/유흥시설,동남아시아음식,베트남,인천광역시,남동구,만수동,,1022-5 번지,담방로47번길,8-5,37.444173,126.738154,21594,인천광역시 남동구 담방로47번길 8-5,인천광역시 남동구 만수동  1022-5,0324670036,,,N,N,N,N,Y,N,N,N,20221130
하노이,음식점/유흥시설,동남아시아음식,베트남,충청북도,청주시 청원구,오창읍,양청리,818-4 번지,중심상업로,20,36.712399,127.430077,28119,충청북도 청주시 청원구 중심상업로 20,충청북도 청주시 청원구 오창읍 양청리 818-4,050713418082,10시-22시,10시-22시,Y,N,N,N,Y,N,N,N,20221130
하노이관,음식점/유흥시설,동남아시아음식,베트남,경상남도,창원시 마산회원구,합성동,,85-11 번지,합성서1길,48,35.239002,128.582254,51210,경상남도 창원시 마산회원구 합성서1길 48,경상남도 창원시 마산회원구 합성동  85-11,0552535206,,,Y,N,N,N,Y,N,N,N,20221130
하노이관,음식점/유흥시설,동남아시아음식,베트남,경상북도,포항시 북구,신흥동,,813-10 번지,중앙상가길,59,36.039935,129.365597,37735,경상북도 포항시 북구 중앙상가길 59,경상북도 포항시 북구 신흥동  813-10,0542321088,,,Y,N,N,N,Y,N,N,N,20221130
하노이만두,음식점/유흥시설,동남아시아음식,베트남,충청남도,아산시,온천동,,212-7 번지,온천대로,1488,36.781298,127.002945,31513,충청남도 아산시 온천대로 1488,충청남도 아산시 온천동  212-7,050714323200,11시-21시,11시-21시,Y,N,N,N,Y,N,N,N,20221130
하노이반미,음식점/유흥시설,동남아시아음식,베트남,대구광역시,동구,동호동,,150 번지,경안로,790-38,35.872531,128.71561,41073,대구광역시 동구 경안로 790-38,대구광역시 동구 동호동  150,050713168420,11시-22시,11시-22시,Y,N,N,N,Y,N,N,N,20221130
하노이베트남쌀국수,음식점/유흥시설,동남아시아음식,베트남,인천광역시,서구,왕길동,,641-10 번지,검단로,455,37.601363,126.654978,22616,인천광역시 서구 검단로 455,인천광역시 서구 왕길동  641-10,,09시30분-21시30분,09시30분-21시30분,Y,N,N,N,Y,N,N,N,20221130
하노이별,음식점/유흥시설,동남아시아음식,베트남,강원도,속초시,조양동,,1003-1 번지,청초호반로,81,38.189923,128.585653,24872,강원도 속초시 청초호반로 81,강원도 속초시 조양동  1003-1,050713050764,11시-20시,11시-20시,Y,N,N,N,Y,N,N,N,20221130
하노이별,음식점/유흥시설,동남아시아음식,베트남,강원도,원주시,무실동,,1855-2 번지,능라동길,48-1,37.334147,127.92972,26392,강원도 원주시 능라동길 48-1,강원도 원주시 무실동  1855-2,0337317470,11시-21시,11시-21시,N,N,N,N,Y,N,N,N,20221130
하노이별,음식점/유흥시설,동남아시아음식,베트남,강원도,춘천시,석사동,,880-1 번지,퇴계농공로,12,37.85214,127.744357,24414,강원도 춘천시 퇴계농공로 12,강원도 춘천시 석사동  880-1,0332648303,11시-20시30분,11시-20시30분,N,N,N,N,Y,N,N,N,20221130
하노이별,음식점/유흥시설,동남아시아음식,베트남,경기도,화성시,영천동,,202 번지,동탄기흥로,585,37.212635,127.092112,18469,경기도 화성시 동탄기흥로 585,경기도 화성시 영천동  202,050714177029,11시-21시,11시-21시,N,N,N,N,Y,N,N,N,20221130
하노이별,음식점/유흥시설,동남아시아음식,베트남,서울특별시,관악구,봉천동,,1598-17 번지,관악로12길,3-14,37.478745,126.952802,8788,서울특별시 관악구 관악로12길 3-14,서울특별시 관악구 봉천동  1598-17,050713557470,11시-21시30분,11시-21시30분,N,N,N,N,Y,N,N,N,20221130
하노이별,음식점/유흥시설,동남아시아음식,베트남,서울특별시,관악구,신림동,,1421-29 번지,신림로,344,37.48524,126.930046,8754,서울특별시 관악구 신림로 344,서울특별시 관악구 신림동  1421-29,028777470,10시-21시30분,10시-21시30분,N,N,N,N,Y,N,N,N,20221130
하노이별,음식점/유흥시설,동남아시아음식,베트남,서울특별시,관악구,신림동,,241-43 번지,신림로11길,18,37.469772,126.938771,8814,서울특별시 관악구 신림로11길 18,서울특별시 관악구 신림동  241-43,028737470,11시-22시,11시-22시,Y,N,N,N,Y,N,N,N,20221130
하노이별,음식점/유흥시설,동남아시아음식,베트남,서울특별시,동작구,노량진동,,40-43 번지,노량진로12길,4-7,37.513072,126.938042,6928,서울특별시 동작구 노량진로12길 4-7,서울특별시 동작구 노량진동  40-43,028247470,11시-20시30분,11시-20시30분,Y,N,N,N,Y,N,N,N,20221130
하노이별,음식점/유흥시설,동남아시아음식,베트남,서울특별시,동작구,사당동,,1030-1 번지,사당로30길,97,37.480546,126.980892,7015,서울특별시 동작구 사당로30길 97,서울특별시 동작구 사당동  1030-1,0263267470,11시-21시,11시-21시,Y,N,N,N,Y,N,N,N,20221130
하노이별,음식점/유흥시설,동남아시아음식,베트남,서울특별시,동작구,흑석동,,195-29 번지,흑석로,81-5,37.507155,126.95852,6910,서울특별시 동작구 흑석로 81-5,서울특별시 동작구 흑석동  195-29,0232807470,10시30분-21시30분,10시30분-21시30분,Y,N,N,N,Y,N,N,N,20221130
하노이별,음식점/유흥시설,동남아시아음식,베트남,서울특별시,마포구,대흥동,,322-2 번지,백범로,84,37.548255,126.940675,4110,서울특별시 마포구 백범로 84,서울특별시 마포구 대흥동  322-2,050713800911,11시-20시,11시-20시,Y,N,N,N,Y,N,N,N,20221130
하노이별,음식점/유흥시설,동남아시아음식,베트남,서울특별시,마포구,망원동,,477-1 번지,방울내로,90,37.560891,126.905109,3963,서울특별시 마포구 방울내로 90,서울특별시 마포구 망원동  477-1,050713737772,11시-21시40분,11시-21시40분,Y,N,N,N,Y,N,N,N,20221130
하노이별,음식점/유흥시설,동남아시아음식,베트남,서울특별시,마포구,연남동,,260-29 번지,동교로,238-1,37.561184,126.924442,3982,서울특별시 마포구 동교로 238-1,서울특별시 마포구 연남동  260-29,07042527979,,,Y,N,N,N,Y,N,N,N,20221130
하노이별,음식점/유흥시설,동남아시아음식,베트남,서울특별시,성동구,행당동,,317-130 번지,행당로,125-4,37.558415,127.032869,4714,서울특별시 성동구 행당로 125-4,서울특별시 성동구 행당동  317-130,0222817470,11시-20시30분,11시-20시30분,Y,N,N,N,Y,N,N,N,20221130
하노이별,음식점/유흥시설,동남아시아음식,베트남,서울특별시,성북구,안암동5가,,101-19 번지,개운사길,5,37.586635,127.029165,2842,서울특별시 성북구 개운사길 5,서울특별시 성북구 안암동5가  101-19,050713187470,11시30분-20시30분,11시30분-20시30분,Y,N,N,N,Y,N,N,N,20221130
하노이별,음식점/유흥시설,동남아시아음식,베트남,서울특별시,영등포구,당산동1가,,79-5 번지,영등포로,159,37.521043,126.899341,7267,서울특별시 영등포구 영등포로 159,서울특별시 영등포구 당산동1가  79-5,050713737470,10시-21시,10시-21시,Y,N,N,N,Y,N,N,N,20221130
하노이별,음식점/유흥시설,동남아시아음식,베트남,서울특별시,용산구,갈월동,,93-45 번지,한강대로81길,20,37.542752,126.971555,4321,서울특별시 용산구 한강대로81길 20,서울특별시 용산구 갈월동  93-45,027047470,11시-21시,11시-21시,Y,N,N,N,Y,N,N,N,20221130
하노이별,음식점/유흥시설,동남아시아음식,베트남,서울특별시,용산구,도원동,,3-6 번지,새창로12길,11-3,37.539173,126.957872,4356,서울특별시 용산구 새창로12길 11-3,서울특별시 용산구 도원동  3-6,027067470,11시-21시,11시-21시,Y,N,N,N,Y,N,N,N,20221130
하노이별,음식점/유흥시설,동남아시아음식,베트남,서울특별시,중구,신당동,,432-716 번지,다산로,61-1,37.550155,127.007333,4600,서울특별시 중구 다산로 61-1,서울특별시 중구 신당동  432-716,0222317470,10시30분-22시30분,10시30분-22시30분,Y,N,N,N,Y,N,N,N,20221130
하노이별,음식점/유흥시설,동남아시아음식,베트남,세종특별자치시,,어진동,,539 번지,한누리대로,411,36.501132,127.258851,30116,세종특별자치시  한누리대로 411,세종특별자치시  어진동  539,0449605206,11시-21시,11시-21시,Y,N,N,N,Y,N,N,N,20221130
하노이별,음식점/유흥시설,동남아시아음식,베트남,충청북도,청주시 상당구,용암동,,3074 번지,중고개로141번길,11-1,36.616987,127.516976,28808,충청북도 청주시 상당구 중고개로141번길 11-1,충청북도 청주시 상당구 용암동  3074,050713123102,10시-21시,10시-21시,Y,N,N,N,Y,N,N,N,20221130
하노이빈,음식점/유흥시설,동남아시아음식,베트남,서울특별시,도봉구,방학동,,466 번지,방학로,252-41,37.662224,127.024419,1317,서울특별시 도봉구 방학로 252-41,서울특별시 도봉구 방학동  466,0234930374,11시-21시,11시-21시,N,N,N,N,Y,N,N,N,20221130
하노이뿐짜와쌀국수,음식점/유흥시설,동남아시아음식,베트남,경상남도,사천시,사천읍,선인리,178-2 번지,샘골길,10,35.080937,128.096197,52517,경상남도 사천시 샘골길 10,경상남도 사천시 사천읍 선인리 178-2,0558529893,,,N,N,N,N,Y,N,N,N,20221130
하노이스토리,음식점/유흥시설,동남아시아음식,베트남,경기도,성남시 분당구,서현동,,337-1 번지,불정로420번길,9,37.37604,127.14091,13578,경기도 성남시 분당구 불정로420번길 9,경기도 성남시 분당구 서현동  337-1,0317059898,11시-21시,11시-21시,Y,N,N,N,Y,N,N,N,20221130
하노이쌀국수,음식점/유흥시설,동남아시아음식,베트남,충청북도,음성군,맹동면,동성리,501 번지,대하1길,4,36.907808,127.54106,27738,충청북도 음성군 대하1길 4,충청북도 음성군 맹동면 동성리 501,0438780297,10시-21시,10시-21시,N,N,N,N,Y,N,N,N,20221130
하노이쌀국수그리고카레,음식점/유흥시설,동남아시아음식,베트남,강원도,영월군,영월읍,영흥리,966-11 번지,단종로16번길,19,37.185115,128.469333,26227,강원도 영월군 단종로16번길 19,강원도 영월군 영월읍 영흥리 966-11,0333754394,,,Y,N,N,N,Y,N,N,N,20221130
하노이쌀국수그리고카레,음식점/유흥시설,동남아시아음식,베트남,경기도,안양시 동안구,호계동,,811 번지,경수대로,458,37.364063,126.960036,14125,경기도 안양시 동안구 경수대로 458,경기도 안양시 동안구 호계동  811,050714130157,10시-20시,10시-20시,N,N,N,N,Y,N,N,N,20221130
하노이쌀국수그리고카레,음식점/유흥시설,동남아시아음식,베트남,경기도,화성시,남양읍,남양리,2028-10 번지,역골로,42,37.203327,126.826447,18271,경기도 화성시 역골로 42,경기도 화성시 남양읍 남양리 2028-10,0313564003,10시30분-21시,10시30분-21시,Y,N,N,N,Y,N,N,N,20221130
하노이안브라더스,음식점/유흥시설,동남아시아음식,베트남,제주특별자치도,제주시,건입동,,124-2 번지,천수동로,1,33.509617,126.543545,63307,제주특별자치도 제주시 천수동로 1,제주특별자치도 제주시 건입동  124-2,0647527494,11시-21시,11시-21시,Y,N,N,N,Y,N,N,N,20221130
하노이애,음식점/유흥시설,동남아시아음식,베트남,서울특별시,서초구,방배동,,936-6 번지,서초대로24길,13,37.486833,126.993527,6672,서울특별시 서초구 서초대로24길 13,서울특별시 서초구 방배동  936-6,050713118255,11시-21시,11시-21시,Y,N,N,N,Y,N,N,N,20221130
하노이어이,음식점/유흥시설,동남아시아음식,베트남,광주광역시,광산구,월계동,,771-13 번지,첨단내촌로70번길,9,35.213192,126.836868,62266,광주광역시 광산구 첨단내촌로70번길 9,광주광역시 광산구 월계동  771-13,,10시30분-21시,10시30분-21시,Y,N,N,N,Y,N,N,N,20221130
하노이어이,음식점/유흥시설,동남아시아음식,베트남,광주광역시,광산구,월곡동,,516-4 번지,목련로,94,35.172002,126.807882,62345,광주광역시 광산구 목련로 94,광주광역시 광산구 월곡동  516-4,,10시30분-22시,10시30분-22시,N,N,N,N,Y,N,N,N,20221130
하노이응우엔,음식점/유흥시설,동남아시아음식,베트남,서울특별시,강동구,천호동,,293-10 번지,구천면로,297,37.546409,127.133896,5320,서울특별시 강동구 구천면로 297,서울특별시 강동구 천호동  293-10,024882930,,,Y,N,N,N,Y,N,N,N,20221130
하노이의아침,음식점/유흥시설,동남아시아음식,베트남,서울특별시,동작구,신대방동,,395-65 번지,보라매로5길,35,37.492094,126.923549,7071,서울특별시 동작구 보라매로5길 35,서울특별시 동작구 신대방동  395-65,028318258,11시30분-22시,11시30분-22시,Y,N,N,N,Y,N,N,N,20221130
하노이의아침,음식점/유흥시설,동남아시아음식,베트남,서울특별시,마포구,상암동,,1603 번지,성암로,267,37.581123,126.890989,3925,서울특별시 마포구 성암로 267,서울특별시 마포구 상암동  1603,023765320,10시-22시,10시-22시,Y,N,N,N,Y,N,N,N,20221130
하노이의아침,음식점/유흥시설,동남아시아음식,베트남,서울특별시,서대문구,대신동,,84-1 번지,연대동문길,45,37.564426,126.944415,3721,서울특별시 서대문구 연대동문길 45,서울특별시 서대문구 대신동  84-1,023935320,11시-22시,11시-22시,Y,N,N,N,Y,N,N,N,20221130
하노이의아침,음식점/유흥시설,동남아시아음식,베트남,서울특별시,서대문구,연희동,,188-16 번지,연희맛로,10,37.566063,126.929002,3708,서울특별시 서대문구 연희맛로 10,서울특별시 서대문구 연희동  188-16,023235320,11시-22시,11시-22시,Y,N,N,N,Y,N,N,N,20221130
하노이의아침,음식점/유흥시설,동남아시아음식,베트남,서울특별시,서초구,반포동,,90-1 번지,서래로6길,4,37.497719,126.998485,6577,서울특별시 서초구 서래로6길 4,서울특별시 서초구 반포동  90-1,050714635320,11시30분-21시,11시30분-21시,N,N,N,N,Y,N,N,N,20221130
하노이의아침,음식점/유흥시설,동남아시아음식,베트남,서울특별시,서초구,서초동,,1321-9 번지,강남대로55길,24,37.495699,127.025645,6619,서울특별시 서초구 강남대로55길 24,서울특별시 서초구 서초동  1321-9,025345320,10시-21시,10시-21시,Y,N,N,N,Y,N,N,N,20221130
하노이의아침,음식점/유흥시설,동남아시아음식,베트남,서울특별시,영등포구,여의도동,,43-3 번지,국제금융로,78,37.520866,126.931305,7333,서울특별시 영등포구 국제금융로 78,서울특별시 영등포구 여의도동  43-3,027825320,11시-21시,11시-21시,N,N,N,N,Y,N,N,N,20221130
하노이의아침,음식점/유흥시설,동남아시아음식,베트남,서울특별시,영등포구,여의도동,,61 번지,여의동로,213,37.518623,126.939568,7345,서울특별시 영등포구 여의동로 213,서울특별시 영등포구 여의도동  61,027845320,,,Y,N,N,N,Y,N,N,N,20221130
하노이의아침,음식점/유흥시설,동남아시아음식,베트남,서울특별시,용산구,동자동,,12 번지,후암로,107,37.553483,126.973538,4323,서울특별시 용산구 후암로 107,서울특별시 용산구 동자동  12,027275320,11시-21시30분,11시-21시30분,Y,N,N,N,Y,N,N,N,20221130
하노이의아침,음식점/유흥시설,동남아시아음식,베트남,서울특별시,종로구,인사동,,188-4 번지,인사동5길,11,37.572653,126.985664,3162,서울특별시 종로구 인사동5길 11,서울특별시 종로구 인사동  188-4,,11시-22시30분,11시-22시30분,Y,N,N,N,Y,N,N,N,20221130
하노이의아침,음식점/유흥시설,동남아시아음식,베트남,인천광역시,미추홀구,주안동,,130-9 번지,주안로,105-1,37.464221,126.681495,22133,인천광역시 미추홀구 주안로 105-1,인천광역시 미추홀구 주안동  130-9,0324255320,,,Y,N,N,N,Y,N,N,N,20221130
하노이포,음식점/유흥시설,동남아시아음식,베트남,강원도,원주시,명륜동,,815-8 번지,소방서길,15,37.330026,127.945379,26481,강원도 원주시 소방서길 15,강원도 원주시 명륜동  815-8,0337626866,,,Y,N,N,N,Y,N,N,N,20221130
하노이포,음식점/유흥시설,동남아시아음식,베트남,경기도,안양시 동안구,평촌동,,138-6 번지,흥안대로,376-4,37.387764,126.973297,14064,경기도 안양시 동안구 흥안대로 376-4,경기도 안양시 동안구 평촌동  138-6,0314225842,10시-21시,10시-21시,Y,N,N,N,Y,N,N,N,20221130
하노이포,음식점/유흥시설,동남아시아음식,베트남,대구광역시,북구,대현동,,112-42 번지,경대로5길,25,35.884599,128.610985,41569,대구광역시 북구 경대로5길 25,대구광역시 북구 대현동  112-42,0539599551,,,Y,N,N,N,Y,N,N,N,20221130
하노이포포,음식점/유흥시설,동남아시아음식,베트남,부산광역시,금정구,장전동,,117-1 번지,금강로369번길,17,35.240853,129.085385,46247,부산광역시 금정구 금강로369번길 17,부산광역시 금정구 장전동  117-1,050713665244,10시-20시30분,10시-20시30분,Y,N,N,N,Y,N,N,N,20221130
하늘레스토랑,음식점/유흥시설,유럽음식,이탈리아,서울특별시,종로구,평창동,,산6-18 번지,북악산로,267,37.601635,126.980618,3010,서울특별시 종로구 북악산로 267,서울특별시 종로구 평창동  산6-18,027256602,11시-21시,11시-21시,N,N,N,N,Y,N,N,N,20221130
KAMCHA,음식점/유흥시설,동아시아음식,홍콩,서울특별시,강남구,신사동,,516-5 번지,강남대로156길,30,37.518651,127.021661,6035,서울특별시 강남구 강남대로156길 30,서울특별시 강남구 신사동  516-5,050714198054,월-금 11시-20시,"토 11시-20시,일 11시-18시",N,N,N,N,Y,N,N,N,20221130
THAO ANH QUAN,음식점/유흥시설,동남아시아음식,베트남,경기도,포천시,소흘읍,송우리,106-6 번지,솔모루로,102,37.830032,127.148493,11174,경기도 포천시 솔모루로 102,경기도 포천시 소흘읍 송우리 106-6,050713173990,월-금 11시-22시,토-일 11시-22시,N,N,N,N,Y,N,N,N,20221130
